,cid,brand,model,datamonth,price,biz30day,total_sold_price,sku,submarket,tag_score,target_score,rate_ring_biz30day,rate_ring_total_sold_price,season_biz30day_raise,season_total_sold_price_raise,rate_year_biz30day,rate_year_total_sold_price,biz30day_increment,total_sold_price_increment,model_ratings,model_tag_ratings,model_target_ratings,aver_model_ratings,aver_model_tag_ratings,aver_model_target_ratings,model_rank,model_tag_rank,model_target_rank,top_model,top_tag,top_target,imageurl,model_ratings_confidence,model_tag_ratings_confidence,id
0,2018112614,apollo/希孟,DT0773N1,201909,34.8,54,1879.2,"{'产地': '中国大陆', '件数': '100件及以上'}",,"{'质量': 155.99, '性价比': 53.21}","{'质量': {'质量': 155.99}, '性价比': {'性价比': 53.21}}",-12.9,-72.59,-32.33,-56.23,-88.49,-96.68,-8.0,-4976.9,91.67,"{'质量': 91.64, '性价比': 91.76}","{'质量': {'质量': 91.64}, '性价比': {'性价比': 91.76}}",85.28,"{'功能': 93.57, '性能': 84.94, '款式': 93.96, '质量': 83.04, '配件': 28.36, '性价比': 94.56}","{'功能': {'功能': 93.57}, '性能': {'劲力': 84.94, '扭矩': 93.01}, '款式': {'品类': 93.54, '外观': 95.51, '材质': 77.41, '工具包': 88.29}, '质量': {'做工': 75.45, '质量': 83.04}, '配件': {'榔头': 30.74, '钳子': 28.36, '锯子': 26.06, '美工刀': 24.75}, '性价比': {'性价比': 94.56}}",20,"{'质量': '18/74', '性价比': '53/64'}","{'质量': {'质量': '18/74'}, '性价比': {'性价比': '53/64'}}",98.47,"{'功能': 98.47, '性能': 91.22, '款式': 98.46, '质量': 98.64, '配件': 52.66, '性价比': 99.34}","{'功能': {'功能': 98.47}, '性能': {'劲力': 91.22, '扭矩': 94.08}, '款式': {'品类': 97.99, '外观': 99.63, '材质': 96.3, '工具包': 88.29}, '质量': {'做工': 99.38, '质量': 98.64}, '配件': {'榔头': 30.74, '钳子': 52.66, '锯子': 29.69, '美工刀': 30.85}, '性价比': {'性价比': 99.34}}",//img.alicdn.com/imgextra/i4/3369764085/TB22HpIEmtYBeNjSspaXXaOOFXa_!!3369764085.jpg,82.92,"{'质量': 100.0, '性价比': 100.0}",63902208
1,2018112614,ak,E082,201909,57.6,189,10886.4,{'件数': '81-100件'},,"{'功能': 33.86, '款式': 126.97, '质量': 1153.0, '性价比': 340.8}","{'功能': {'功能': 33.86}, '款式': {'品类': 49.58, '材质': 77.39}, '质量': {'做工': 206.57, '质量': 946.42}, '性价比': {'性价比': 340.8}}",71.82,71.82,-13.49,-12.33,148.68,148.68,79.0,4550.4,93.93,"{'功能': 92.6, '款式': 88.91, '质量': 94.17, '性价比': 97.16}","{'功能': {'功能': 92.6}, '款式': {'品类': 94.82, '材质': 88.91}, '质量': {'做工': 88.8, '质量': 94.17}, '性价比': {'性价比': 97.16}}",85.28,"{'功能': 93.57, '性能': 84.94, '款式': 93.96, '质量': 83.04, '配件': 28.36, '性价比': 94.56}","{'功能': {'功能': 93.57}, '性能': {'劲力': 84.94, '扭矩': 93.01}, '款式': {'品类': 93.54, '外观': 95.51, '材质': 77.41, '工具包': 88.29}, '质量': {'做工': 75.45, '质量': 83.04}, '配件': {'榔头': 30.74, '钳子': 28.36, '锯子': 26.06, '美工刀': 24.75}, '性价比': {'性价比': 94.56}}",15,"{'功能': '12/18', '款式': '28/32', '质量': '15/74', '性价比': '21/64'}","{'功能': {'功能': '12/18'}, '款式': {'品类': '11/22', '材质': '6/19'}, '质量': {'做工': '21/54', '质量': '15/74'}, '性价比': {'性价比': '21/64'}}",98.47,"{'功能': 98.47, '性能': 91.22, '款式': 98.46, '质量': 98.64, '配件': 52.66, '性价比': 99.34}","{'功能': {'功能': 98.47}, '性能': {'劲力': 91.22, '扭矩': 94.08}, '款式': {'品类': 97.99, '外观': 99.63, '材质': 96.3, '工具包': 88.29}, '质量': {'做工': 99.38, '质量': 98.64}, '配件': {'榔头': 30.74, '钳子': 52.66, '锯子': 29.69, '美工刀': 30.85}, '性价比': {'性价比': 99.34}}",//img.alicdn.com/imgextra/i2/1738564199/O1CN01VXC1Hb1gtBdHl6eq6_!!1738564199.jpg,98.64,"{'功能': 100.0, '款式': 7.5, '质量': 100.0, '性价比': 100.0}",57486722
2,2018112614,apollo/希孟,粉色家用39件/40件,201909,35.92,1493,53628.02,"{'产地': '中国大陆', '件数': '31-40件', '材质': '高碳钢'}",,"{'款式': 44.53, '质量': 115.95, '性价比': 64.88}","{'款式': {'外观': 44.53}, '质量': {'做工': -16.14, '质量': 132.09}, '性价比': {'性价比': 64.88}}",23.8,-35.76,16.39,-11.96,-38.86,-72.41,287.0,-29851.3,74.16,"{'款式': 90.33, '质量': 67.56, '性价比': 84.11}","{'款式': {'外观': 90.33}, '质量': {'做工': 17.88, '质量': 67.56}, '性价比': {'性价比': 84.11}}",85.28,"{'功能': 93.57, '性能': 84.94, '款式': 93.96, '质量': 83.04, '配件': 28.36, '性价比': 94.56}","{'功能': {'功能': 93.57}, '性能': {'劲力': 84.94, '扭矩': 93.01}, '款式': {'品类': 93.54, '外观': 95.51, '材质': 77.41, '工具包': 88.29}, '质量': {'做工': 75.45, '质量': 83.04}, '配件': {'榔头': 30.74, '钳子': 28.36, '锯子': 26.06, '美工刀': 24.75}, '性价比': {'性价比': 94.56}}",65,"{'款式': '27/32', '质量': '68/74', '性价比': '63/64'}","{'款式': {'外观': '27/30'}, '质量': {'做工': '53/54', '质量': '68/74'}, '性价比': {'性价比': '63/64'}}",98.47,"{'功能': 98.47, '性能': 91.22, '款式': 98.46, '质量': 98.64, '配件': 52.66, '性价比': 99.34}","{'功能': {'功能': 98.47}, '性能': {'劲力': 91.22, '扭矩': 94.08}, '款式': {'品类': 97.99, '外观': 99.63, '材质': 96.3, '工具包': 88.29}, '质量': {'做工': 99.38, '质量': 98.64}, '配件': {'榔头': 30.74, '钳子': 52.66, '锯子': 29.69, '美工刀': 30.85}, '性价比': {'性价比': 99.34}}",//img.alicdn.com/imgextra/i2/3369764085/TB2DdK2a3ZC2uNjSZFnXXaxZpXa_!!3369764085.jpg,97.74,"{'款式': 92.5, '质量': 100.0, '性价比': 100.0}",79627268
3,2018112614,bosch/博世,家用多功能五金工具箱108件套,201909,132.06,126,16639.13,{'件数': '100件及以上'},,"{'质量': 371.24, '性价比': 113.46}","{'质量': {'做工': 33.86, '质量': 337.38}, '性价比': {'性价比': 113.46}}",-26.74,-41.33,-71.75,-72.39,-68.89,-71.75,-46.0,-11720.05,94.68,"{'质量': 95.1, '性价比': 93.23}","{'质量': {'做工': 66.3, '质量': 95.1}, '性价比': {'性价比': 93.23}}",85.28,"{'功能': 93.57, '性能': 84.94, '款式': 93.96, '质量': 83.04, '配件': 28.36, '性价比': 94.56}","{'功能': {'功能': 93.57}, '性能': {'劲力': 84.94, '扭矩': 93.01}, '款式': {'品类': 93.54, '外观': 95.51, '材质': 77.41, '工具包': 88.29}, '质量': {'做工': 75.45, '质量': 83.04}, '配件': {'榔头': 30.74, '钳子': 28.36, '锯子': 26.06, '美工刀': 24.75}, '性价比': {'性价比': 94.56}}",14,"{'质量': '11/74', '性价比': '48/64'}","{'质量': {'做工': '41/54', '质量': '11/74'}, '性价比': {'性价比': '48/64'}}",98.47,"{'功能': 98.47, '性能': 91.22, '款式': 98.46, '质量': 98.64, '配件': 52.66, '性价比': 99.34}","{'功能': {'功能': 98.47}, '性能': {'劲力': 91.22, '扭矩': 94.08}, '款式': {'品类': 97.99, '外观': 99.63, '材质': 96.3, '工具包': 88.29}, '质量': {'做工': 99.38, '质量': 98.64}, '配件': {'榔头': 30.74, '钳子': 52.66, '锯子': 29.69, '美工刀': 30.85}, '性价比': {'性价比': 99.34}}",//img.alicdn.com/imgextra/i3/2541984531/O1CN01LN2y1M1jLF8Twah1T_!!2541984531.jpg,82.92,"{'质量': 100.0, '性价比': 100.0}",53065736
4,2018112614,crest/瑞德,105888,201909,49.29,3757,185198.09,"{'件数': '31-40件', '材质': '镍铁合金钢'}",,"{'款式': 155.99, '质量': 1331.2, '性价比': 634.72}","{'款式': {'品类': 68.93, '外观': 59.25, '材质': 27.81}, '质量': {'做工': 99.11, '质量': 1232.09}, '性价比': {'性价比': 634.72}}",-6.22,-49.02,-29.62,-37.33,-56.99,-54.7,-249.0,-178078.81,87.08,"{'款式': 88.36, '质量': 85.12, '性价比': 92.88}","{'款式': {'品类': 91.33, '外观': 90.09, '材质': 67.07}, '质量': {'做工': 66.66, '质量': 85.12}, '性价比': {'性价比': 92.88}}",85.28,"{'功能': 93.57, '性能': 84.94, '款式': 93.96, '质量': 83.04, '配件': 28.36, '性价比': 94.56}","{'功能': {'功能': 93.57}, '性能': {'劲力': 84.94, '扭矩': 93.01}, '款式': {'品类': 93.54, '外观': 95.51, '材质': 77.41, '工具包': 88.29}, '质量': {'做工': 75.45, '质量': 83.04}, '配件': {'榔头': 30.74, '钳子': 28.36, '锯子': 26.06, '美工刀': 24.75}, '性价比': {'性价比': 94.56}}",37,"{'款式': '30/32', '质量': '35/74', '性价比': '50/64'}","{'款式': {'品类': '18/22', '外观': '28/30', '材质': '15/19'}, '质量': {'做工': '40/54', '质量': '35/74'}, '性价比': {'性价比': '50/64'}}",98.47,"{'功能': 98.47, '性能': 91.22, '款式': 98.46, '质量': 98.64, '配件': 52.66, '性价比': 99.34}","{'功能': {'功能': 98.47}, '性能': {'劲力': 91.22, '扭矩': 94.08}, '款式': {'品类': 97.99, '外观': 99.63, '材质': 96.3, '工具包': 88.29}, '质量': {'做工': 99.38, '质量': 98.64}, '配件': {'榔头': 30.74, '钳子': 52.66, '锯子': 29.69, '美工刀': 30.85}, '性价比': {'性价比': 99.34}}",//img.alicdn.com/imgextra/i4/2173650618/O1CN01uI7JPd1GR5IeZ5mmr_!!2173650618.jpg,97.74,"{'款式': 100.0, '质量': 100.0, '性价比': 100.0}",59011337
5,2018112614,dpei/赣春,GC16/68,201909,70.7,226,15977.2,{'件数': '11-20件'},,"{'质量': 197.11, '性价比': 50.79}","{'质量': {'做工': 37.49, '质量': 159.62}, '性价比': {'性价比': 50.79}}",1030.0,1146.14,85.11,109.33,218.31,275.58,206.0,14695.06,92.95,"{'质量': 94.18, '性价比': 88.66}","{'质量': {'做工': 88.74, '质量': 94.18}, '性价比': {'性价比': 88.66}}",85.28,"{'功能': 93.57, '性能': 84.94, '款式': 93.96, '质量': 83.04, '配件': 28.36, '性价比': 94.56}","{'功能': {'功能': 93.57}, '性能': {'劲力': 84.94, '扭矩': 93.01}, '款式': {'品类': 93.54, '外观': 95.51, '材质': 77.41, '工具包': 88.29}, '质量': {'做工': 75.45, '质量': 83.04}, '配件': {'榔头': 30.74, '钳子': 28.36, '锯子': 26.06, '美工刀': 24.75}, '性价比': {'性价比': 94.56}}",17,"{'质量': '14/74', '性价比': '59/64'}","{'质量': {'做工': '22/54', '质量': '14/74'}, '性价比': {'性价比': '59/64'}}",98.47,"{'功能': 98.47, '性能': 91.22, '款式': 98.46, '质量': 98.64, '配件': 52.66, '性价比': 99.34}","{'功能': {'功能': 98.47}, '性能': {'劲力': 91.22, '扭矩': 94.08}, '款式': {'品类': 97.99, '外观': 99.63, '材质': 96.3, '工具包': 88.29}, '质量': {'做工': 99.38, '质量': 98.64}, '配件': {'榔头': 30.74, '钳子': 52.66, '锯子': 29.69, '美工刀': 30.85}, '性价比': {'性价比': 99.34}}",//img.alicdn.com/imgextra/i2/2093310801/O1CN01z5psAE1HmtoJsUfAj_!!2093310801.jpg,82.92,"{'质量': 100.0, '性价比': 100.0}",45354507
6,2018112614,fogo/富格,AA,201909,152.54,725,110591.52,{'件数': '100件及以上'},,"{'功能': 23.3, '质量': 203.53, '性价比': 151.34}","{'功能': {'功能': 23.3}, '质量': {'做工': 40.18, '质量': 163.34}, '性价比': {'性价比': 151.34}}",-3.2,-8.47,-30.38,-33.1,14400.0,8407.04,-24.0,-10235.66,84.27,"{'功能': 89.6, '质量': 80.86, '性价比': 95.82}","{'功能': {'功能': 89.6}, '质量': {'做工': 83.48, '质量': 80.86}, '性价比': {'性价比': 95.82}}",85.28,"{'功能': 93.57, '性能': 84.94, '款式': 93.96, '质量': 83.04, '配件': 28.36, '性价比': 94.56}","{'功能': {'功能': 93.57}, '性能': {'劲力': 84.94, '扭矩': 93.01}, '款式': {'品类': 93.54, '外观': 95.51, '材质': 77.41, '工具包': 88.29}, '质量': {'做工': 75.45, '质量': 83.04}, '配件': {'榔头': 30.74, '钳子': 28.36, '锯子': 26.06, '美工刀': 24.75}, '性价比': {'性价比': 94.56}}",46,"{'功能': '17/18', '质量': '47/74', '性价比': '32/64'}","{'功能': {'功能': '17/18'}, '质量': {'做工': '28/54', '质量': '47/74'}, '性价比': {'性价比': '32/64'}}",98.47,"{'功能': 98.47, '性能': 91.22, '款式': 98.46, '质量': 98.64, '配件': 52.66, '性价比': 99.34}","{'功能': {'功能': 98.47}, '性能': {'劲力': 91.22, '扭矩': 94.08}, '款式': {'品类': 97.99, '外观': 99.63, '材质': 96.3, '工具包': 88.29}, '质量': {'做工': 99.38, '质量': 98.64}, '配件': {'榔头': 30.74, '钳子': 52.66, '锯子': 29.69, '美工刀': 30.85}, '性价比': {'性价比': 99.34}}",//img.alicdn.com/imgextra/i1/1721433989/O1CN01z8eDAZ1fL0T7Mqig9_!!1721433989.jpg,83.82,"{'功能': 100.0, '质量': 100.0, '性价比': 100.0}",97659403
7,2018112614,sj/上匠,家用工具80,201909,114.15,120,13697.86,{'件数': '71-80件'},,{'质量': 50.58},{'质量': {'质量': 50.58}},-22.08,-22.54,-52.33,-49.73,-62.26,-59.85,-34.0,-3986.54,73.65,{'质量': 73.65},{'质量': {'质量': 73.65}},85.28,"{'功能': 93.57, '性能': 84.94, '款式': 93.96, '质量': 83.04, '配件': 28.36, '性价比': 94.56}","{'功能': {'功能': 93.57}, '性能': {'劲力': 84.94, '扭矩': 93.01}, '款式': {'品类': 93.54, '外观': 95.51, '材质': 77.41, '工具包': 88.29}, '质量': {'做工': 75.45, '质量': 83.04}, '配件': {'榔头': 30.74, '钳子': 28.36, '锯子': 26.06, '美工刀': 24.75}, '性价比': {'性价比': 94.56}}",66,{'质量': '63/74'},{'质量': {'质量': '63/74'}},98.47,"{'功能': 98.47, '性能': 91.22, '款式': 98.46, '质量': 98.64, '配件': 52.66, '性价比': 99.34}","{'功能': {'功能': 98.47}, '性能': {'劲力': 91.22, '扭矩': 94.08}, '款式': {'品类': 97.99, '外观': 99.63, '材质': 96.3, '工具包': 88.29}, '质量': {'做工': 99.38, '质量': 98.64}, '配件': {'榔头': 30.74, '钳子': 52.66, '锯子': 29.69, '美工刀': 30.85}, '性价比': {'性价比': 99.34}}",//img.alicdn.com/imgextra/i3/1838017021/TB2UgE2XcrHK1JjSspfXXbsrXXa_!!1838017021.jpg,64.36,{'质量': 100.0},29363213
8,2018112614,sj/上匠,工具套装组合,201909,44.26,107,4735.92,"{'件数': '11-100件', '适用对象': '汽修工具 日常家用 电工工具'}",,{'质量': 21.56},{'质量': {'质量': 21.56}},11.46,-27.26,-9.92,-32.03,-61.65,-80.14,11.0,-1775.08,67.0,{'质量': 67.01},{'质量': {'质量': 67.01}},85.28,"{'功能': 93.57, '性能': 84.94, '款式': 93.96, '质量': 83.04, '配件': 28.36, '性价比': 94.56}","{'功能': {'功能': 93.57}, '性能': {'劲力': 84.94, '扭矩': 93.01}, '款式': {'品类': 93.54, '外观': 95.51, '材质': 77.41, '工具包': 88.29}, '质量': {'做工': 75.45, '质量': 83.04}, '配件': {'榔头': 30.74, '钳子': 28.36, '锯子': 26.06, '美工刀': 24.75}, '性价比': {'性价比': 94.56}}",72,{'质量': '70/74'},{'质量': {'质量': '70/74'}},98.47,"{'功能': 98.47, '性能': 91.22, '款式': 98.46, '质量': 98.64, '配件': 52.66, '性价比': 99.34}","{'功能': {'功能': 98.47}, '性能': {'劲力': 91.22, '扭矩': 94.08}, '款式': {'品类': 97.99, '外观': 99.63, '材质': 96.3, '工具包': 88.29}, '质量': {'做工': 99.38, '质量': 98.64}, '配件': {'榔头': 30.74, '钳子': 52.66, '锯子': 29.69, '美工刀': 30.85}, '性价比': {'性价比': 99.34}}",//img.alicdn.com/imgextra/i4/3402984862/TB22sdCX9tYBeNjSspaXXaOOFXa_!!3402984862.jpg,64.36,{'质量': 100.0},85570062
9,2018112614,sj/上匠,牛筋包工具套装,201909,33.88,1488,50407.31,"{'产地': '中国大陆', '件数': '21-30件', '适用对象': '日常家用'}",,"{'款式': 35.86, '质量': 274.15, '性价比': 87.28}","{'款式': {'工具包': 35.86}, '质量': {'做工': 17.3, '质量': 256.85}, '性价比': {'性价比': 87.28}}",11.96,-21.6,-43.47,-51.81,15.71,-46.37,159.0,-13885.57,82.81,"{'质量': 82.04, '性价比': 85.46}","{'款式': {'工具包': 88.29}, '质量': {'做工': 54.96, '质量': 82.04}, '性价比': {'性价比': 85.46}}",85.28,"{'功能': 93.57, '性能': 84.94, '款式': 93.96, '质量': 83.04, '配件': 28.36, '性价比': 94.56}","{'功能': {'功能': 93.57}, '性能': {'劲力': 84.94, '扭矩': 93.01}, '款式': {'品类': 93.54, '外观': 95.51, '材质': 77.41, '工具包': 88.29}, '质量': {'做工': 75.45, '质量': 83.04}, '配件': {'榔头': 30.74, '钳子': 28.36, '锯子': 26.06, '美工刀': 24.75}, '性价比': {'性价比': 94.56}}",51,"{'质量': '44/74', '性价比': '61/64'}","{'款式': {'工具包': '1/1'}, '质量': {'做工': '45/54', '质量': '44/74'}, '性价比': {'性价比': '61/64'}}",98.47,"{'功能': 98.47, '性能': 91.22, '款式': 98.46, '质量': 98.64, '配件': 52.66, '性价比': 99.34}","{'功能': {'功能': 98.47}, '性能': {'劲力': 91.22, '扭矩': 94.08}, '款式': {'品类': 97.99, '外观': 99.63, '材质': 96.3, '工具包': 88.29}, '质量': {'做工': 99.38, '质量': 98.64}, '配件': {'榔头': 30.74, '钳子': 52.66, '锯子': 29.69, '美工刀': 30.85}, '性价比': {'性价比': 99.34}}",//img.alicdn.com/imgextra/i1/1838017021/O1CN0121jfEdlbCzL6CHn_!!1838017021.jpg,82.92,"{'质量': 100.0, '性价比': 100.0}",61479183
10,2018112614,久克,JK0016,201909,58.67,1707,100147.35,{'件数': '11-20件'},,"{'质量': 163.83, '性价比': 125.55}","{'质量': {'做工': -2.63, '质量': 166.46}, '性价比': {'性价比': 125.55}}",0.18,-14.0,-56.71,-56.64,58.2,89.66,3.0,-16305.15,77.5,"{'质量': 72.79, '性价比': 93.84}","{'质量': {'做工': 35.04, '质量': 72.79}, '性价比': {'性价比': 93.84}}",85.28,"{'功能': 93.57, '性能': 84.94, '款式': 93.96, '质量': 83.04, '配件': 28.36, '性价比': 94.56}","{'功能': {'功能': 93.57}, '性能': {'劲力': 84.94, '扭矩': 93.01}, '款式': {'品类': 93.54, '外观': 95.51, '材质': 77.41, '工具包': 88.29}, '质量': {'做工': 75.45, '质量': 83.04}, '配件': {'榔头': 30.74, '钳子': 28.36, '锯子': 26.06, '美工刀': 24.75}, '性价比': {'性价比': 94.56}}",63,"{'质量': '64/74', '性价比': '42/64'}","{'质量': {'做工': '50/54', '质量': '64/74'}, '性价比': {'性价比': '42/64'}}",98.47,"{'功能': 98.47, '性能': 91.22, '款式': 98.46, '质量': 98.64, '配件': 52.66, '性价比': 99.34}","{'功能': {'功能': 98.47}, '性能': {'劲力': 91.22, '扭矩': 94.08}, '款式': {'品类': 97.99, '外观': 99.63, '材质': 96.3, '工具包': 88.29}, '质量': {'做工': 99.38, '质量': 98.64}, '配件': {'榔头': 30.74, '钳子': 52.66, '锯子': 29.69, '美工刀': 30.85}, '性价比': {'性价比': 99.34}}",//img.alicdn.com/imgextra/i1/2270259683/O1CN01y2sC9M2LOrfIBtPvo_!!2270259683-0-pixelsss.jpg,82.92,"{'质量': 100.0, '性价比': 100.0}",14437903
11,2018112614,久克,JKZK8,201909,58.8,468,27518.4,{'件数': '21-30件'},,"{'质量': 160.69, '性价比': 80.18}","{'质量': {'做工': 18.72, '质量': 141.97}, '性价比': {'性价比': 80.18}}",-41.28,-41.28,-18.49,-18.49,-17.02,-31.09,-329.0,-19345.2,78.86,"{'质量': 75.43, '性价比': 90.76}","{'质量': {'做工': 61.62, '质量': 75.43}, '性价比': {'性价比': 90.76}}",85.28,"{'功能': 93.57, '性能': 84.94, '款式': 93.96, '质量': 83.04, '配件': 28.36, '性价比': 94.56}","{'功能': {'功能': 93.57}, '性能': {'劲力': 84.94, '扭矩': 93.01}, '款式': {'品类': 93.54, '外观': 95.51, '材质': 77.41, '工具包': 88.29}, '质量': {'做工': 75.45, '质量': 83.04}, '配件': {'榔头': 30.74, '钳子': 28.36, '锯子': 26.06, '美工刀': 24.75}, '性价比': {'性价比': 94.56}}",57,"{'质量': '58/74', '性价比': '56/64'}","{'质量': {'做工': '42/54', '质量': '58/74'}, '性价比': {'性价比': '56/64'}}",98.47,"{'功能': 98.47, '性能': 91.22, '款式': 98.46, '质量': 98.64, '配件': 52.66, '性价比': 99.34}","{'功能': {'功能': 98.47}, '性能': {'劲力': 91.22, '扭矩': 94.08}, '款式': {'品类': 97.99, '外观': 99.63, '材质': 96.3, '工具包': 88.29}, '质量': {'做工': 99.38, '质量': 98.64}, '配件': {'榔头': 30.74, '钳子': 52.66, '锯子': 29.69, '美工刀': 30.85}, '性价比': {'性价比': 99.34}}",//img.alicdn.com/imgextra/i4/3421298527/O1CN019l4Zh52CrPmCNunr6_!!3421298527.jpg,82.92,"{'质量': 100.0, '性价比': 100.0}",31305489
12,2018112614,久克,JYZT12,201909,30.36,6883,208998.16,{'件数': '11-20件'},,"{'款式': 132.6, '质量': 1120.98, '配件': -14.93, '性价比': 832.57}","{'款式': {'品类': 88.28, '外观': 29.81, '材质': 14.51}, '质量': {'做工': 22.98, '质量': 1098.0}, '配件': {'钳子': -14.93}, '性价比': {'性价比': 832.57}}",-33.0,-56.69,-10.68,-43.92,-19.92,-60.44,-3390.0,-273530.47,80.63,"{'款式': 75.33, '质量': 78.15, '配件': 16.99, '性价比': 95.86}","{'款式': {'品类': 97.03, '外观': 76.68, '材质': 58.63}, '质量': {'做工': 49.91, '质量': 78.15}, '配件': {'钳子': 16.99}, '性价比': {'性价比': 95.86}}",85.28,"{'功能': 93.57, '性能': 84.94, '款式': 93.96, '质量': 83.04, '配件': 28.36, '性价比': 94.56}","{'功能': {'功能': 93.57}, '性能': {'劲力': 84.94, '扭矩': 93.01}, '款式': {'品类': 93.54, '外观': 95.51, '材质': 77.41, '工具包': 88.29}, '质量': {'做工': 75.45, '质量': 83.04}, '配件': {'榔头': 30.74, '钳子': 28.36, '锯子': 26.06, '美工刀': 24.75}, '性价比': {'性价比': 94.56}}",55,"{'款式': '32/32', '质量': '53/74', '配件': '5/7', '性价比': '31/64'}","{'款式': {'品类': '5/22', '外观': '30/30', '材质': '19/19'}, '质量': {'做工': '47/54', '质量': '53/74'}, '配件': {'钳子': '5/7'}, '性价比': {'性价比': '31/64'}}",98.47,"{'功能': 98.47, '性能': 91.22, '款式': 98.46, '质量': 98.64, '配件': 52.66, '性价比': 99.34}","{'功能': {'功能': 98.47}, '性能': {'劲力': 91.22, '扭矩': 94.08}, '款式': {'品类': 97.99, '外观': 99.63, '材质': 96.3, '工具包': 88.29}, '质量': {'做工': 99.38, '质量': 98.64}, '配件': {'榔头': 30.74, '钳子': 52.66, '锯子': 29.69, '美工刀': 30.85}, '性价比': {'性价比': 99.34}}",//img.alicdn.com/imgextra/i1/2270259683/O1CN0129LpMh2LOrfOQw1lL_!!0-item_pic.jpg,98.43,"{'款式': 100.0, '质量': 100.0, '配件': 100.0, '性价比': 100.0}",47832849
13,2018112614,亚得力,06,201909,32.28,43,1388.04,{'件数': '100件及以上'},,"{'质量': 80.81, '性价比': 114.88}","{'质量': {'质量': 80.81}, '性价比': {'性价比': 114.88}}",-67.91,-67.91,32.53,42.4,-91.95,-89.12,-91.0,-2937.48,82.04,"{'质量': 77.53, '性价比': 97.7}","{'质量': {'质量': 77.53}, '性价比': {'性价比': 97.7}}",85.28,"{'功能': 93.57, '性能': 84.94, '款式': 93.96, '质量': 83.04, '配件': 28.36, '性价比': 94.56}","{'功能': {'功能': 93.57}, '性能': {'劲力': 84.94, '扭矩': 93.01}, '款式': {'品类': 93.54, '外观': 95.51, '材质': 77.41, '工具包': 88.29}, '质量': {'做工': 75.45, '质量': 83.04}, '配件': {'榔头': 30.74, '钳子': 28.36, '锯子': 26.06, '美工刀': 24.75}, '性价比': {'性价比': 94.56}}",52,"{'质量': '55/74', '性价比': '12/64'}","{'质量': {'质量': '55/74'}, '性价比': {'性价比': '12/64'}}",98.47,"{'功能': 98.47, '性能': 91.22, '款式': 98.46, '质量': 98.64, '配件': 52.66, '性价比': 99.34}","{'功能': {'功能': 98.47}, '性能': {'劲力': 91.22, '扭矩': 94.08}, '款式': {'品类': 97.99, '外观': 99.63, '材质': 96.3, '工具包': 88.29}, '质量': {'做工': 99.38, '质量': 98.64}, '配件': {'榔头': 30.74, '钳子': 52.66, '锯子': 29.69, '美工刀': 30.85}, '性价比': {'性价比': 99.34}}",//img.alicdn.com/imgextra/i3/2775176701/TB1Ss6NcBDH8KJjy1zeXXXjepXa_!!0-item_pic.jpg,82.92,"{'质量': 100.0, '性价比': 100.0}",36567949
14,2018112614,佛兰仕,CP-001,201909,305.5,1506,460079.44,{'件数': '100件及以上'},,"{'功能': 110.79, '性能': 83.44, '款式': 452.82, '质量': 1504.17, '性价比': 1144.98}","{'功能': {'功能': 110.79}, '性能': {'劲力': 83.44}, '款式': {'品类': 132.18, '外观': 292.41, '材质': 28.23}, '质量': {'做工': 439.01, '质量': 1065.16}, '性价比': {'性价比': 1144.98}}",-35.89,-36.76,-20.62,-19.36,-56.66,-57.73,-843.0,-267461.38,88.25,"{'功能': 93.09, '性能': 90.1, '款式': 95.63, '质量': 83.56, '性价比': 98.35}","{'功能': {'功能': 93.09}, '性能': {'劲力': 90.1}, '款式': {'品类': 97.99, '外观': 97.78, '材质': 69.08}, '质量': {'做工': 86.98, '质量': 83.56}, '性价比': {'性价比': 98.35}}",85.28,"{'功能': 93.57, '性能': 84.94, '款式': 93.96, '质量': 83.04, '配件': 28.36, '性价比': 94.56}","{'功能': {'功能': 93.57}, '性能': {'劲力': 84.94, '扭矩': 93.01}, '款式': {'品类': 93.54, '外观': 95.51, '材质': 77.41, '工具包': 88.29}, '质量': {'做工': 75.45, '质量': 83.04}, '配件': {'榔头': 30.74, '钳子': 28.36, '锯子': 26.06, '美工刀': 24.75}, '性价比': {'性价比': 94.56}}",33,"{'功能': '11/18', '性能': '2/8', '款式': '20/32', '质量': '41/74', '性价比': '9/64'}","{'功能': {'功能': '11/18'}, '性能': {'劲力': '2/8'}, '款式': {'品类': '1/22', '外观': '12/30', '材质': '14/19'}, '质量': {'做工': '23/54', '质量': '41/74'}, '性价比': {'性价比': '9/64'}}",98.47,"{'功能': 98.47, '性能': 91.22, '款式': 98.46, '质量': 98.64, '配件': 52.66, '性价比': 99.34}","{'功能': {'功能': 98.47}, '性能': {'劲力': 91.22, '扭矩': 94.08}, '款式': {'品类': 97.99, '外观': 99.63, '材质': 96.3, '工具包': 88.29}, '质量': {'做工': 99.38, '质量': 98.64}, '配件': {'榔头': 30.74, '钳子': 52.66, '锯子': 29.69, '美工刀': 30.85}, '性价比': {'性价比': 99.34}}",//img.alicdn.com/imgextra/i4/2904063514/O1CN01RCwgZx1bpSKz0dYpJ_!!2904063514.jpg,99.3,"{'功能': 100.0, '性能': 100.0, '款式': 100.0, '质量': 100.0, '性价比': 100.0}",1095956
15,2018112614,佛兰仕,锂电组套0,201909,157.52,1084,170749.94,"{'产地': '中国大陆', '件数': '100件及以上'}",,"{'款式': 66.32, '质量': 164.51, '性价比': 173.48}","{'款式': {'外观': 66.32}, '质量': {'做工': 93.76, '质量': 70.74}, '性价比': {'性价比': 173.48}}",-15.64,-27.92,346.44,275.22,,,-201.0,-66124.12,82.82,"{'款式': 96.08, '质量': 75.59, '性价比': 97.3}","{'款式': {'外观': 96.08}, '质量': {'做工': 92.46, '质量': 75.59}, '性价比': {'性价比': 97.3}}",85.28,"{'功能': 93.57, '性能': 84.94, '款式': 93.96, '质量': 83.04, '配件': 28.36, '性价比': 94.56}","{'功能': {'功能': 93.57}, '性能': {'劲力': 84.94, '扭矩': 93.01}, '款式': {'品类': 93.54, '外观': 95.51, '材质': 77.41, '工具包': 88.29}, '质量': {'做工': 75.45, '质量': 83.04}, '配件': {'榔头': 30.74, '钳子': 28.36, '锯子': 26.06, '美工刀': 24.75}, '性价比': {'性价比': 94.56}}",50,"{'款式': '17/32', '质量': '57/74', '性价比': '18/64'}","{'款式': {'外观': '20/30'}, '质量': {'做工': '11/54', '质量': '57/74'}, '性价比': {'性价比': '18/64'}}",98.47,"{'功能': 98.47, '性能': 91.22, '款式': 98.46, '质量': 98.64, '配件': 52.66, '性价比': 99.34}","{'功能': {'功能': 98.47}, '性能': {'劲力': 91.22, '扭矩': 94.08}, '款式': {'品类': 97.99, '外观': 99.63, '材质': 96.3, '工具包': 88.29}, '质量': {'做工': 99.38, '质量': 98.64}, '配件': {'榔头': 30.74, '钳子': 52.66, '锯子': 29.69, '美工刀': 30.85}, '性价比': {'性价比': 99.34}}",//img.alicdn.com/imgextra/i4/2904063514/O1CN01iaddq11bpSL0xoaIx_!!2904063514.jpg,97.74,"{'款式': 92.5, '质量': 100.0, '性价比': 100.0}",30001685
16,2018112614,哲登,ZD-068,201909,22.68,2070,46947.6,"{'产地': '中国大陆', '件数': '100件及以上', '材质': '金属'}",,"{'质量': 71.0, '性价比': 58.0}","{'质量': {'做工': 24.0, '质量': 47.0}, '性价比': {'性价比': 58.0}}",,,,,,,,,94.78,"{'质量': 94.56, '性价比': 95.54}","{'质量': {'做工': 89.87, '质量': 94.56}, '性价比': {'性价比': 95.54}}",85.28,"{'功能': 93.57, '性能': 84.94, '款式': 93.96, '质量': 83.04, '配件': 28.36, '性价比': 94.56}","{'功能': {'功能': 93.57}, '性能': {'劲力': 84.94, '扭矩': 93.01}, '款式': {'品类': 93.54, '外观': 95.51, '材质': 77.41, '工具包': 88.29}, '质量': {'做工': 75.45, '质量': 83.04}, '配件': {'榔头': 30.74, '钳子': 28.36, '锯子': 26.06, '美工刀': 24.75}, '性价比': {'性价比': 94.56}}",13,"{'质量': '12/74', '性价比': '34/64'}","{'质量': {'做工': '17/54', '质量': '12/74'}, '性价比': {'性价比': '34/64'}}",98.47,"{'功能': 98.47, '性能': 91.22, '款式': 98.46, '质量': 98.64, '配件': 52.66, '性价比': 99.34}","{'功能': {'功能': 98.47}, '性能': {'劲力': 91.22, '扭矩': 94.08}, '款式': {'品类': 97.99, '外观': 99.63, '材质': 96.3, '工具包': 88.29}, '质量': {'做工': 99.38, '质量': 98.64}, '配件': {'榔头': 30.74, '钳子': 52.66, '锯子': 29.69, '美工刀': 30.85}, '性价比': {'性价比': 99.34}}",//img.alicdn.com/imgextra/i4/4026943033/O1CN01Olara21YH9pYAAI3E_!!4026943033.jpg,82.92,"{'质量': 100.0, '性价比': 100.0}",85877910
17,2018112614,戈麦斯,MT,201909,148.51,2519,374085.28,{'件数': '81-100件'},,"{'功能': 28.0, '款式': 84.0, '质量': 296.0, '性价比': 276.0}","{'功能': {'功能': 28.0}, '款式': {'外观': 84.0}, '质量': {'做工': 130.0, '质量': 166.0}, '性价比': {'性价比': 276.0}}",41883.33,32316.4,,,,,2513.0,372931.28,97.5,"{'功能': 91.19, '款式': 96.88, '质量': 98.4, '性价比': 95.2}","{'功能': {'功能': 91.19}, '款式': {'外观': 96.88}, '质量': {'做工': 93.7, '质量': 98.4}, '性价比': {'性价比': 95.2}}",85.28,"{'功能': 93.57, '性能': 84.94, '款式': 93.96, '质量': 83.04, '配件': 28.36, '性价比': 94.56}","{'功能': {'功能': 93.57}, '性能': {'劲力': 84.94, '扭矩': 93.01}, '款式': {'品类': 93.54, '外观': 95.51, '材质': 77.41, '工具包': 88.29}, '质量': {'做工': 75.45, '质量': 83.04}, '配件': {'榔头': 30.74, '钳子': 28.36, '锯子': 26.06, '美工刀': 24.75}, '性价比': {'性价比': 94.56}}",4,"{'功能': '15/18', '款式': '9/32', '质量': '4/74', '性价比': '35/64'}","{'功能': {'功能': '15/18'}, '款式': {'外观': '15/30'}, '质量': {'做工': '10/54', '质量': '4/74'}, '性价比': {'性价比': '35/64'}}",98.47,"{'功能': 98.47, '性能': 91.22, '款式': 98.46, '质量': 98.64, '配件': 52.66, '性价比': 99.34}","{'功能': {'功能': 98.47}, '性能': {'劲力': 91.22, '扭矩': 94.08}, '款式': {'品类': 97.99, '外观': 99.63, '材质': 96.3, '工具包': 88.29}, '质量': {'做工': 99.38, '质量': 98.64}, '配件': {'榔头': 30.74, '钳子': 52.66, '锯子': 29.69, '美工刀': 30.85}, '性价比': {'性价比': 99.34}}",//img.alicdn.com/imgextra/i3/779527512/O1CN01zyfv4825MXnyg3GiB_!!779527512.jpg,98.64,"{'功能': 100.0, '款式': 92.5, '质量': 100.0, '性价比': 100.0}",18001943
18,2018112614,戈麦斯,锂电钻工具套装,201909,174.0,92,16007.8,{'件数': '81-100件'},,"{'功能': 174.13, '性能': 76.18, '款式': 174.13, '质量': 1317.87, '性价比': 828.34}","{'功能': {'功能': 174.13}, '性能': {'劲力': 39.91, '扭矩': 36.28}, '款式': {'品类': 25.39, '外观': 123.34, '材质': 25.39}, '质量': {'做工': 305.94, '质量': 1011.93}, '性价比': {'性价比': 828.34}}",-76.29,-77.44,-49.82,-52.45,-85.87,-89.17,-296.0,-54937.55,97.11,"{'功能': 98.47, '性能': 86.08, '款式': 96.52, '质量': 96.96, '性价比': 98.44}","{'功能': {'功能': 98.47}, '性能': {'劲力': 86.08, '扭矩': 93.06}, '款式': {'品类': 90.37, '外观': 97.85, '材质': 80.04}, '质量': {'做工': 97.35, '质量': 96.96}, '性价比': {'性价比': 98.44}}",85.28,"{'功能': 93.57, '性能': 84.94, '款式': 93.96, '质量': 83.04, '配件': 28.36, '性价比': 94.56}","{'功能': {'功能': 93.57}, '性能': {'劲力': 84.94, '扭矩': 93.01}, '款式': {'品类': 93.54, '外观': 95.51, '材质': 77.41, '工具包': 88.29}, '质量': {'做工': 75.45, '质量': 83.04}, '配件': {'榔头': 30.74, '钳子': 28.36, '锯子': 26.06, '美工刀': 24.75}, '性价比': {'性价比': 94.56}}",5,"{'功能': '1/18', '性能': '4/8', '款式': '11/32', '质量': '5/74', '性价比': '8/64'}","{'功能': {'功能': '1/18'}, '性能': {'劲力': '4/8', '扭矩': '3/5'}, '款式': {'品类': '20/22', '外观': '10/30', '材质': '7/19'}, '质量': {'做工': '5/54', '质量': '5/74'}, '性价比': {'性价比': '8/64'}}",98.47,"{'功能': 98.47, '性能': 91.22, '款式': 98.46, '质量': 98.64, '配件': 52.66, '性价比': 99.34}","{'功能': {'功能': 98.47}, '性能': {'劲力': 91.22, '扭矩': 94.08}, '款式': {'品类': 97.99, '外观': 99.63, '材质': 96.3, '工具包': 88.29}, '质量': {'做工': 99.38, '质量': 98.64}, '配件': {'榔头': 30.74, '钳子': 52.66, '锯子': 29.69, '美工刀': 30.85}, '性价比': {'性价比': 99.34}}",//img.alicdn.com/imgextra/i1/779527512/O1CN01vFtqhq25MXo58WHft_!!779527512.jpg,99.3,"{'功能': 100.0, '性能': 100.0, '款式': 100.0, '质量': 100.0, '性价比': 100.0}",67861914
19,2018112614,木子,工具箱组套,201909,18.96,1,18.96,{'件数': '11-20件'},,"{'款式': 159.62, '质量': 909.36, '性价比': 426.87}","{'款式': {'品类': 29.02, '外观': 78.6, '材质': 52.0}, '质量': {'做工': 197.11, '质量': 712.25}, '性价比': {'性价比': 426.87}}",-66.67,-87.44,-25.0,-54.68,-80.0,-94.32,-2.0,-132.04,97.92,"{'款式': 96.55, '质量': 98.4, '性价比': 97.36}","{'款式': {'品类': 91.47, '外观': 96.67, '材质': 95.05}, '质量': {'做工': 97.62, '质量': 98.4}, '性价比': {'性价比': 97.36}}",85.28,"{'功能': 93.57, '性能': 84.94, '款式': 93.96, '质量': 83.04, '配件': 28.36, '性价比': 94.56}","{'功能': {'功能': 93.57}, '性能': {'劲力': 84.94, '扭矩': 93.01}, '款式': {'品类': 93.54, '外观': 95.51, '材质': 77.41, '工具包': 88.29}, '质量': {'做工': 75.45, '质量': 83.04}, '配件': {'榔头': 30.74, '钳子': 28.36, '锯子': 26.06, '美工刀': 24.75}, '性价比': {'性价比': 94.56}}",3,"{'款式': '10/32', '质量': '3/74', '性价比': '16/64'}","{'款式': {'品类': '17/22', '外观': '17/30', '材质': '2/19'}, '质量': {'做工': '3/54', '质量': '3/74'}, '性价比': {'性价比': '16/64'}}",98.47,"{'功能': 98.47, '性能': 91.22, '款式': 98.46, '质量': 98.64, '配件': 52.66, '性价比': 99.34}","{'功能': {'功能': 98.47}, '性能': {'劲力': 91.22, '扭矩': 94.08}, '款式': {'品类': 97.99, '外观': 99.63, '材质': 96.3, '工具包': 88.29}, '质量': {'做工': 99.38, '质量': 98.64}, '配件': {'榔头': 30.74, '钳子': 52.66, '锯子': 29.69, '美工刀': 30.85}, '性价比': {'性价比': 99.34}}",//img.alicdn.com/imgextra/i1/1050476757/O1CN01fziKUe1zmkmCyjAqx_!!1050476757-0-pixelsss.jpg,97.74,"{'款式': 100.0, '质量': 100.0, '性价比': 100.0}",86831004
20,2018112614,科麦斯,25V锂电钻套装,201909,346.8,45,15606.0,{'件数': '100件及以上'},,"{'质量': 43.53, '性价比': 39.7}","{'质量': {'质量': 43.53}, '性价比': {'性价比': 39.7}}",60.71,60.71,70.91,71.88,-64.84,-64.1,17.0,5895.6,77.94,"{'质量': 74.67, '性价比': 89.29}","{'质量': {'质量': 74.67}, '性价比': {'性价比': 89.29}}",85.28,"{'功能': 93.57, '性能': 84.94, '款式': 93.96, '质量': 83.04, '配件': 28.36, '性价比': 94.56}","{'功能': {'功能': 93.57}, '性能': {'劲力': 84.94, '扭矩': 93.01}, '款式': {'品类': 93.54, '外观': 95.51, '材质': 77.41, '工具包': 88.29}, '质量': {'做工': 75.45, '质量': 83.04}, '配件': {'榔头': 30.74, '钳子': 28.36, '锯子': 26.06, '美工刀': 24.75}, '性价比': {'性价比': 94.56}}",62,"{'质量': '60/74', '性价比': '58/64'}","{'质量': {'质量': '60/74'}, '性价比': {'性价比': '58/64'}}",98.47,"{'功能': 98.47, '性能': 91.22, '款式': 98.46, '质量': 98.64, '配件': 52.66, '性价比': 99.34}","{'功能': {'功能': 98.47}, '性能': {'劲力': 91.22, '扭矩': 94.08}, '款式': {'品类': 97.99, '外观': 99.63, '材质': 96.3, '工具包': 88.29}, '质量': {'做工': 99.38, '质量': 98.64}, '配件': {'榔头': 30.74, '钳子': 52.66, '锯子': 29.69, '美工刀': 30.85}, '性价比': {'性价比': 99.34}}",//img.alicdn.com/imgextra/i3/3420569533/O1CN01HFoYlg2KIAFSEn0lf_!!0-item_pic.jpg,82.92,"{'质量': 100.0, '性价比': 100.0}",4825757
21,2018112614,科麦斯,专业百样工具组合套装,201909,142.07,162,23015.82,{'件数': '81-100件'},,"{'款式': 136.44, '质量': 534.44, '性价比': 342.8}","{'款式': {'品类': 66.51, '外观': 69.93}, '质量': {'做工': 110.04, '质量': 424.4}, '性价比': {'性价比': 342.8}}",-81.4,-81.87,48.9,39.11,-32.78,-34.69,-709.0,-103921.06,87.75,"{'款式': 96.27, '质量': 83.07, '性价比': 97.18}","{'款式': {'品类': 96.09, '外观': 96.27}, '质量': {'做工': 69.58, '质量': 83.07}, '性价比': {'性价比': 97.18}}",85.28,"{'功能': 93.57, '性能': 84.94, '款式': 93.96, '质量': 83.04, '配件': 28.36, '性价比': 94.56}","{'功能': {'功能': 93.57}, '性能': {'劲力': 84.94, '扭矩': 93.01}, '款式': {'品类': 93.54, '外观': 95.51, '材质': 77.41, '工具包': 88.29}, '质量': {'做工': 75.45, '质量': 83.04}, '配件': {'榔头': 30.74, '钳子': 28.36, '锯子': 26.06, '美工刀': 24.75}, '性价比': {'性价比': 94.56}}",35,"{'款式': '15/32', '质量': '42/74', '性价比': '19/64'}","{'款式': {'品类': '8/22', '外观': '18/30'}, '质量': {'做工': '38/54', '质量': '42/74'}, '性价比': {'性价比': '19/64'}}",98.47,"{'功能': 98.47, '性能': 91.22, '款式': 98.46, '质量': 98.64, '配件': 52.66, '性价比': 99.34}","{'功能': {'功能': 98.47}, '性能': {'劲力': 91.22, '扭矩': 94.08}, '款式': {'品类': 97.99, '外观': 99.63, '材质': 96.3, '工具包': 88.29}, '质量': {'做工': 99.38, '质量': 98.64}, '配件': {'榔头': 30.74, '钳子': 52.66, '锯子': 29.69, '美工刀': 30.85}, '性价比': {'性价比': 99.34}}",//img.alicdn.com/imgextra/i1/1740406632/O1CN01CDR5pw1yrVGmgNz8x_!!0-item_pic.jpg,97.74,"{'款式': 92.5, '质量': 100.0, '性价比': 100.0}",57138977
22,2018112614,科麦斯,实用工具23件套,201909,38.78,130,5042.0,{'件数': '21-30件'},,"{'质量': 33.86, '性价比': 39.91}","{'质量': {'质量': 33.86}, '性价比': {'性价比': 39.91}}",32.65,34.74,8.73,13.06,68.83,75.25,32.0,1300.0,83.94,"{'质量': 81.14, '性价比': 93.65}","{'质量': {'质量': 81.14}, '性价比': {'性价比': 93.65}}",85.28,"{'功能': 93.57, '性能': 84.94, '款式': 93.96, '质量': 83.04, '配件': 28.36, '性价比': 94.56}","{'功能': {'功能': 93.57}, '性能': {'劲力': 84.94, '扭矩': 93.01}, '款式': {'品类': 93.54, '外观': 95.51, '材质': 77.41, '工具包': 88.29}, '质量': {'做工': 75.45, '质量': 83.04}, '配件': {'榔头': 30.74, '钳子': 28.36, '锯子': 26.06, '美工刀': 24.75}, '性价比': {'性价比': 94.56}}",48,"{'质量': '45/74', '性价比': '44/64'}","{'质量': {'质量': '45/74'}, '性价比': {'性价比': '44/64'}}",98.47,"{'功能': 98.47, '性能': 91.22, '款式': 98.46, '质量': 98.64, '配件': 52.66, '性价比': 99.34}","{'功能': {'功能': 98.47}, '性能': {'劲力': 91.22, '扭矩': 94.08}, '款式': {'品类': 97.99, '外观': 99.63, '材质': 96.3, '工具包': 88.29}, '质量': {'做工': 99.38, '质量': 98.64}, '配件': {'榔头': 30.74, '钳子': 52.66, '锯子': 29.69, '美工刀': 30.85}, '性价比': {'性价比': 99.34}}",//img.alicdn.com/imgextra/i2/1740406632/O1CN01O9YVpV1yrVGme05vn_!!0-item_pic.jpg,82.92,"{'质量': 100.0, '性价比': 100.0}",59799970
23,2018112614,科麦斯,工具箱套装,201909,21.48,19785,424981.81,{'件数': '100件及以上'},,"{'款式': 182.0, '质量': 767.21, '性价比': 579.0}","{'款式': {'品类': 30.0, '外观': 152.0}, '质量': {'做工': 157.0, '质量': 610.21}, '性价比': {'性价比': 579.0}}",,,,,,,19785.0,424981.81,95.36,"{'款式': 98.25, '质量': 94.32, '性价比': 96.65}","{'款式': {'品类': 91.73, '外观': 98.25}, '质量': {'做工': 89.64, '质量': 94.32}, '性价比': {'性价比': 96.65}}",85.28,"{'功能': 93.57, '性能': 84.94, '款式': 93.96, '质量': 83.04, '配件': 28.36, '性价比': 94.56}","{'功能': {'功能': 93.57}, '性能': {'劲力': 84.94, '扭矩': 93.01}, '款式': {'品类': 93.54, '外观': 95.51, '材质': 77.41, '工具包': 88.29}, '质量': {'做工': 75.45, '质量': 83.04}, '配件': {'榔头': 30.74, '钳子': 28.36, '锯子': 26.06, '美工刀': 24.75}, '性价比': {'性价比': 94.56}}",11,"{'款式': '3/32', '质量': '13/74', '性价比': '26/64'}","{'款式': {'品类': '16/22', '外观': '8/30'}, '质量': {'做工': '18/54', '质量': '13/74'}, '性价比': {'性价比': '26/64'}}",98.47,"{'功能': 98.47, '性能': 91.22, '款式': 98.46, '质量': 98.64, '配件': 52.66, '性价比': 99.34}","{'功能': {'功能': 98.47}, '性能': {'劲力': 91.22, '扭矩': 94.08}, '款式': {'品类': 97.99, '外观': 99.63, '材质': 96.3, '工具包': 88.29}, '质量': {'做工': 99.38, '质量': 98.64}, '配件': {'榔头': 30.74, '钳子': 52.66, '锯子': 29.69, '美工刀': 30.85}, '性价比': {'性价比': 99.34}}",//img.alicdn.com/imgextra/i3/3420569533/O1CN018oSnbB2KIAFrszOXn_!!0-item_pic.jpg,97.74,"{'款式': 92.5, '质量': 100.0, '性价比': 100.0}",37551907
24,2018112614,科麦斯,工具箱组套,201909,22.56,294,6632.64,{},,"{'质量': 33.65, '性价比': 40.7}","{'质量': {'质量': 33.65}, '性价比': {'性价比': 40.7}}",1300.0,1362.22,-60.09,-60.09,583.72,614.11,273.0,6179.04,81.98,"{'质量': 78.58, '性价比': 93.77}","{'质量': {'质量': 78.58}, '性价比': {'性价比': 93.77}}",85.28,"{'功能': 93.57, '性能': 84.94, '款式': 93.96, '质量': 83.04, '配件': 28.36, '性价比': 94.56}","{'功能': {'功能': 93.57}, '性能': {'劲力': 84.94, '扭矩': 93.01}, '款式': {'品类': 93.54, '外观': 95.51, '材质': 77.41, '工具包': 88.29}, '质量': {'做工': 75.45, '质量': 83.04}, '配件': {'榔头': 30.74, '钳子': 28.36, '锯子': 26.06, '美工刀': 24.75}, '性价比': {'性价比': 94.56}}",53,"{'质量': '51/74', '性价比': '43/64'}","{'质量': {'质量': '51/74'}, '性价比': {'性价比': '43/64'}}",98.47,"{'功能': 98.47, '性能': 91.22, '款式': 98.46, '质量': 98.64, '配件': 52.66, '性价比': 99.34}","{'功能': {'功能': 98.47}, '性能': {'劲力': 91.22, '扭矩': 94.08}, '款式': {'品类': 97.99, '外观': 99.63, '材质': 96.3, '工具包': 88.29}, '质量': {'做工': 99.38, '质量': 98.64}, '配件': {'榔头': 30.74, '钳子': 52.66, '锯子': 29.69, '美工刀': 30.85}, '性价比': {'性价比': 99.34}}",//img.alicdn.com/imgextra/i3/3399256676/O1CN01QKwSrj1zBegnd0XP7_!!0-item_pic.jpg,82.92,"{'质量': 100.0, '性价比': 100.0}",97105057
25,2018112614,科麦斯,巨无霸,201909,686.1,335,229842.0,{'件数': '31-40件'},,"{'功能': 27.81, '款式': 277.71, '质量': 860.94, '性价比': 576.39}","{'功能': {'功能': 27.81}, '款式': {'品类': 62.67, '外观': 215.04}, '质量': {'做工': 334.54, '质量': 526.4}, '性价比': {'性价比': 576.39}}",27.86,28.15,-16.93,-16.07,-5.9,-4.23,73.0,50488.0,90.83,"{'功能': 85.45, '款式': 97.81, '质量': 87.36, '性价比': 97.52}","{'功能': {'功能': 85.45}, '款式': {'品类': 92.91, '外观': 97.81}, '质量': {'做工': 91.63, '质量': 87.36}, '性价比': {'性价比': 97.52}}",85.28,"{'功能': 93.57, '性能': 84.94, '款式': 93.96, '质量': 83.04, '配件': 28.36, '性价比': 94.56}","{'功能': {'功能': 93.57}, '性能': {'劲力': 84.94, '扭矩': 93.01}, '款式': {'品类': 93.54, '外观': 95.51, '材质': 77.41, '工具包': 88.29}, '质量': {'做工': 75.45, '质量': 83.04}, '配件': {'榔头': 30.74, '钳子': 28.36, '锯子': 26.06, '美工刀': 24.75}, '性价比': {'性价比': 94.56}}",23,"{'功能': '18/18', '款式': '4/32', '质量': '26/74', '性价比': '14/64'}","{'功能': {'功能': '18/18'}, '款式': {'品类': '14/22', '外观': '11/30'}, '质量': {'做工': '12/54', '质量': '26/74'}, '性价比': {'性价比': '14/64'}}",98.47,"{'功能': 98.47, '性能': 91.22, '款式': 98.46, '质量': 98.64, '配件': 52.66, '性价比': 99.34}","{'功能': {'功能': 98.47}, '性能': {'劲力': 91.22, '扭矩': 94.08}, '款式': {'品类': 97.99, '外观': 99.63, '材质': 96.3, '工具包': 88.29}, '质量': {'做工': 99.38, '质量': 98.64}, '配件': {'榔头': 30.74, '钳子': 52.66, '锯子': 29.69, '美工刀': 30.85}, '性价比': {'性价比': 99.34}}",//img.alicdn.com/imgextra/i3/1740406632/O1CN01tkunS21yrVGnIiYES_!!0-item_pic.jpg,98.64,"{'功能': 100.0, '款式': 92.5, '质量': 100.0, '性价比': 100.0}",53856290
26,2018112614,科麦斯,暴龙3号,201909,465.35,197,91674.01,{'件数': '100件及以上'},,{'质量': 22.77},{'质量': {'质量': 22.77}},39.72,39.76,-9.89,-9.85,3840.0,3848.66,56.0,26082.21,67.96,{'质量': 67.96},{'质量': {'质量': 67.96}},85.28,"{'功能': 93.57, '性能': 84.94, '款式': 93.96, '质量': 83.04, '配件': 28.36, '性价比': 94.56}","{'功能': {'功能': 93.57}, '性能': {'劲力': 84.94, '扭矩': 93.01}, '款式': {'品类': 93.54, '外观': 95.51, '材质': 77.41, '工具包': 88.29}, '质量': {'做工': 75.45, '质量': 83.04}, '配件': {'榔头': 30.74, '钳子': 28.36, '锯子': 26.06, '美工刀': 24.75}, '性价比': {'性价比': 94.56}}",70,{'质量': '67/74'},{'质量': {'质量': '67/74'}},98.47,"{'功能': 98.47, '性能': 91.22, '款式': 98.46, '质量': 98.64, '配件': 52.66, '性价比': 99.34}","{'功能': {'功能': 98.47}, '性能': {'劲力': 91.22, '扭矩': 94.08}, '款式': {'品类': 97.99, '外观': 99.63, '材质': 96.3, '工具包': 88.29}, '质量': {'做工': 99.38, '质量': 98.64}, '配件': {'榔头': 30.74, '钳子': 52.66, '锯子': 29.69, '美工刀': 30.85}, '性价比': {'性价比': 99.34}}",//img.alicdn.com/imgextra/i2/3420569533/O1CN01c8o6Cn2KIAFwWgTFQ_!!0-item_pic.jpg,64.36,{'质量': 100.0},51199014
27,2018112614,科麦斯,暴龙系列工具箱,201909,289.7,64,18540.83,{'件数': '100件及以上'},,"{'款式': 47.16, '质量': 173.92, '性价比': 120.51}","{'款式': {'外观': 47.16}, '质量': {'做工': 42.32, '质量': 131.6}, '性价比': {'性价比': 120.51}}",-16.88,-19.95,0.0,-9.97,-81.87,-83.78,-13.0,-4620.07,90.25,"{'款式': 94.57, '质量': 87.95, '性价比': 94.81}","{'款式': {'外观': 94.57}, '质量': {'做工': 71.78, '质量': 87.95}, '性价比': {'性价比': 94.81}}",85.28,"{'功能': 93.57, '性能': 84.94, '款式': 93.96, '质量': 83.04, '配件': 28.36, '性价比': 94.56}","{'功能': {'功能': 93.57}, '性能': {'劲力': 84.94, '扭矩': 93.01}, '款式': {'品类': 93.54, '外观': 95.51, '材质': 77.41, '工具包': 88.29}, '质量': {'做工': 75.45, '质量': 83.04}, '配件': {'榔头': 30.74, '钳子': 28.36, '锯子': 26.06, '美工刀': 24.75}, '性价比': {'性价比': 94.56}}",27,"{'款式': '23/32', '质量': '23/74', '性价比': '36/64'}","{'款式': {'外观': '23/30'}, '质量': {'做工': '37/54', '质量': '23/74'}, '性价比': {'性价比': '36/64'}}",98.47,"{'功能': 98.47, '性能': 91.22, '款式': 98.46, '质量': 98.64, '配件': 52.66, '性价比': 99.34}","{'功能': {'功能': 98.47}, '性能': {'劲力': 91.22, '扭矩': 94.08}, '款式': {'品类': 97.99, '外观': 99.63, '材质': 96.3, '工具包': 88.29}, '质量': {'做工': 99.38, '质量': 98.64}, '配件': {'榔头': 30.74, '钳子': 52.66, '锯子': 29.69, '美工刀': 30.85}, '性价比': {'性价比': 99.34}}",//img.alicdn.com/imgextra/i4/1740406632/O1CN01OxHVkn1yrVGjqEZC2_!!0-item_pic.jpg,97.74,"{'款式': 92.5, '质量': 100.0, '性价比': 100.0}",47647655
28,2018112614,科麦斯,王者电钻工具组合套装,201909,305.73,1281,391641.75,{'件数': '100件及以上'},,"{'功能': 118.88, '性能': 60.42, '款式': 966.17, '质量': 2562.98, '配件': -12.09, '性价比': 2140.19}","{'功能': {'功能': 118.88}, '性能': {'劲力': 60.42}, '款式': {'品类': 199.9, '外观': 734.99, '材质': 31.28}, '质量': {'做工': 828.15, '质量': 1734.83}, '配件': {'锯子': -12.09}, '性价比': {'性价比': 2140.19}}",-57.74,-60.0,-5.44,-3.9,-62.27,-63.74,-1750.0,-587464.88,90.63,"{'功能': 90.36, '性能': 80.59, '款式': 97.16, '质量': 87.2, '性价比': 97.68}","{'功能': {'功能': 90.36}, '性能': {'劲力': 80.59}, '款式': {'品类': 96.79, '外观': 99.63, '材质': 66.71}, '质量': {'做工': 89.95, '质量': 87.2}, '配件': {'锯子': 22.02}, '性价比': {'性价比': 97.68}}",85.28,"{'功能': 93.57, '性能': 84.94, '款式': 93.96, '质量': 83.04, '配件': 28.36, '性价比': 94.56}","{'功能': {'功能': 93.57}, '性能': {'劲力': 84.94, '扭矩': 93.01}, '款式': {'品类': 93.54, '外观': 95.51, '材质': 77.41, '工具包': 88.29}, '质量': {'做工': 75.45, '质量': 83.04}, '配件': {'榔头': 30.74, '钳子': 28.36, '锯子': 26.06, '美工刀': 24.75}, '性价比': {'性价比': 94.56}}",25,"{'功能': '16/18', '性能': '6/8', '款式': '7/32', '质量': '27/74', '性价比': '13/64'}","{'功能': {'功能': '16/18'}, '性能': {'劲力': '6/8'}, '款式': {'品类': '6/22', '外观': '1/30', '材质': '16/19'}, '质量': {'做工': '16/54', '质量': '27/74'}, '配件': {'锯子': '3/3'}, '性价比': {'性价比': '13/64'}}",98.47,"{'功能': 98.47, '性能': 91.22, '款式': 98.46, '质量': 98.64, '配件': 52.66, '性价比': 99.34}","{'功能': {'功能': 98.47}, '性能': {'劲力': 91.22, '扭矩': 94.08}, '款式': {'品类': 97.99, '外观': 99.63, '材质': 96.3, '工具包': 88.29}, '质量': {'做工': 99.38, '质量': 98.64}, '配件': {'榔头': 30.74, '钳子': 52.66, '锯子': 29.69, '美工刀': 30.85}, '性价比': {'性价比': 99.34}}",//img.alicdn.com/imgextra/i4/1740406632/O1CN01Lpwrsj1yrVGn7FMO5_!!0-item_pic.jpg,99.3,"{'功能': 100.0, '性能': 100.0, '款式': 100.0, '质量': 100.0, '性价比': 100.0}",21810472
29,2018112614,科麦斯,组合款,201909,35.0,16367,572875.31,{'件数': '100件及以上'},,"{'功能': 93.39, '性能': 21.56, '款式': 2609.09, '质量': 9389.6, '配件': 3.63, '性价比': 7935.72}","{'功能': {'功能': 93.39}, '性能': {'劲力': 21.56}, '款式': {'品类': 348.38, '外观': 2126.99, '材质': 133.72}, '质量': {'做工': 2800.55, '质量': 6589.05}, '配件': {'榔头': -2.42, '钳子': 22.98, '锯子': -12.51, '美工刀': -4.42}, '性价比': {'性价比': 7935.72}}",-37.74,-66.46,-35.78,-29.94,-30.34,-58.11,-9921.0,-1135019.25,92.21,"{'功能': 95.12, '性能': 77.46, '款式': 97.7, '质量': 89.78, '配件': 52.66, '性价比': 98.13}","{'功能': {'功能': 95.12}, '性能': {'劲力': 77.46}, '款式': {'品类': 97.82, '外观': 99.46, '材质': 76.1}, '质量': {'做工': 90.94, '质量': 89.78}, '配件': {'榔头': 30.74, '钳子': 52.66, '锯子': 26.47, '美工刀': 30.85}, '性价比': {'性价比': 98.13}}",85.28,"{'功能': 93.57, '性能': 84.94, '款式': 93.96, '质量': 83.04, '配件': 28.36, '性价比': 94.56}","{'功能': {'功能': 93.57}, '性能': {'劲力': 84.94, '扭矩': 93.01}, '款式': {'品类': 93.54, '外观': 95.51, '材质': 77.41, '工具包': 88.29}, '质量': {'做工': 75.45, '质量': 83.04}, '配件': {'榔头': 30.74, '钳子': 28.36, '锯子': 26.06, '美工刀': 24.75}, '性价比': {'性价比': 94.56}}",18,"{'功能': '7/18', '性能': '8/8', '款式': '6/32', '质量': '22/74', '配件': '1/7', '性价比': '10/64'}","{'功能': {'功能': '7/18'}, '性能': {'劲力': '8/8'}, '款式': {'品类': '4/22', '外观': '2/30', '材质': '11/19'}, '质量': {'做工': '14/54', '质量': '22/74'}, '配件': {'榔头': '1/1', '钳子': '1/7', '锯子': '2/3', '美工刀': '1/2'}, '性价比': {'性价比': '10/64'}}",98.47,"{'功能': 98.47, '性能': 91.22, '款式': 98.46, '质量': 98.64, '配件': 52.66, '性价比': 99.34}","{'功能': {'功能': 98.47}, '性能': {'劲力': 91.22, '扭矩': 94.08}, '款式': {'品类': 97.99, '外观': 99.63, '材质': 96.3, '工具包': 88.29}, '质量': {'做工': 99.38, '质量': 98.64}, '配件': {'榔头': 30.74, '钳子': 52.66, '锯子': 29.69, '美工刀': 30.85}, '性价比': {'性价比': 99.34}}",//img.alicdn.com/imgextra/i3/1740406632/O1CN01zyAdcC1yrVGjAi1yQ_!!0-item_pic.jpg,100.0,"{'功能': 100.0, '性能': 100.0, '款式': 100.0, '质量': 100.0, '配件': 100.0, '性价比': 100.0}",88364713
30,2018112614,科麦斯,超强动力冲击钻工具组合套装,201909,190.8,1486,283528.81,{'件数': '100件及以上'},,"{'功能': 43.11, '款式': 281.94, '质量': 910.94, '性价比': 749.64}","{'功能': {'功能': 43.11}, '款式': {'品类': 37.44, '外观': 224.36, '材质': 20.14}, '质量': {'做工': 290.41, '质量': 620.53}, '性价比': {'性价比': 749.64}}",11.23,11.23,-3.95,-3.26,120.15,125.83,150.0,28620.02,90.67,"{'功能': 94.09, '款式': 97.12, '质量': 87.42, '性价比': 96.63}","{'功能': {'功能': 94.09}, '款式': {'品类': 93.26, '外观': 98.81, '材质': 76.32}, '质量': {'做工': 88.81, '质量': 87.42}, '性价比': {'性价比': 96.63}}",85.28,"{'功能': 93.57, '性能': 84.94, '款式': 93.96, '质量': 83.04, '配件': 28.36, '性价比': 94.56}","{'功能': {'功能': 93.57}, '性能': {'劲力': 84.94, '扭矩': 93.01}, '款式': {'品类': 93.54, '外观': 95.51, '材质': 77.41, '工具包': 88.29}, '质量': {'做工': 75.45, '质量': 83.04}, '配件': {'榔头': 30.74, '钳子': 28.36, '锯子': 26.06, '美工刀': 24.75}, '性价比': {'性价比': 94.56}}",24,"{'功能': '9/18', '款式': '8/32', '质量': '25/74', '性价比': '27/64'}","{'功能': {'功能': '9/18'}, '款式': {'品类': '13/22', '外观': '5/30', '材质': '10/19'}, '质量': {'做工': '20/54', '质量': '25/74'}, '性价比': {'性价比': '27/64'}}",98.47,"{'功能': 98.47, '性能': 91.22, '款式': 98.46, '质量': 98.64, '配件': 52.66, '性价比': 99.34}","{'功能': {'功能': 98.47}, '性能': {'劲力': 91.22, '扭矩': 94.08}, '款式': {'品类': 97.99, '外观': 99.63, '材质': 96.3, '工具包': 88.29}, '质量': {'做工': 99.38, '质量': 98.64}, '配件': {'榔头': 30.74, '钳子': 52.66, '锯子': 29.69, '美工刀': 30.85}, '性价比': {'性价比': 99.34}}",//img.alicdn.com/imgextra/i3/3420569533/O1CN01nRYpZC2KIAFFZ658h_!!0-item_pic.jpg,98.64,"{'功能': 100.0, '款式': 100.0, '质量': 100.0, '性价比': 100.0}",38419499
31,2018112614,科麦斯,锂电钻工具组合套装,201909,198.24,5047,1000522.12,{'件数': '100件及以上'},,"{'功能': 274.92, '性能': 146.04, '款式': 1534.91, '质量': 4497.2, '配件': -12.84, '性价比': 4111.44}","{'功能': {'功能': 274.92}, '性能': {'劲力': 90.97, '扭矩': 55.07}, '款式': {'品类': 217.11, '外观': 1274.65, '材质': 43.16}, '质量': {'做工': 1422.41, '质量': 3074.79}, '配件': {'锯子': -12.84}, '性价比': {'性价比': 4111.44}}",-37.37,-48.43,-13.71,-18.62,-42.71,-49.2,-3012.0,-939414.62,89.76,"{'功能': 95.99, '性能': 78.56, '款式': 96.43, '质量': 86.25, '性价比': 96.72}","{'功能': {'功能': 95.99}, '性能': {'劲力': 78.56, '扭矩': 92.02}, '款式': {'品类': 97.83, '外观': 99.22, '材质': 62.01}, '质量': {'做工': 83.96, '质量': 86.25}, '配件': {'锯子': 29.69}, '性价比': {'性价比': 96.72}}",85.28,"{'功能': 93.57, '性能': 84.94, '款式': 93.96, '质量': 83.04, '配件': 28.36, '性价比': 94.56}","{'功能': {'功能': 93.57}, '性能': {'劲力': 84.94, '扭矩': 93.01}, '款式': {'品类': 93.54, '外观': 95.51, '材质': 77.41, '工具包': 88.29}, '质量': {'做工': 75.45, '质量': 83.04}, '配件': {'榔头': 30.74, '钳子': 28.36, '锯子': 26.06, '美工刀': 24.75}, '性价比': {'性价比': 94.56}}",28,"{'功能': '5/18', '性能': '7/8', '款式': '13/32', '质量': '31/74', '性价比': '25/64'}","{'功能': {'功能': '5/18'}, '性能': {'劲力': '7/8', '扭矩': '5/5'}, '款式': {'品类': '3/22', '外观': '3/30', '材质': '17/19'}, '质量': {'做工': '25/54', '质量': '31/74'}, '配件': {'锯子': '1/3'}, '性价比': {'性价比': '25/64'}}",98.47,"{'功能': 98.47, '性能': 91.22, '款式': 98.46, '质量': 98.64, '配件': 52.66, '性价比': 99.34}","{'功能': {'功能': 98.47}, '性能': {'劲力': 91.22, '扭矩': 94.08}, '款式': {'品类': 97.99, '外观': 99.63, '材质': 96.3, '工具包': 88.29}, '质量': {'做工': 99.38, '质量': 98.64}, '配件': {'榔头': 30.74, '钳子': 52.66, '锯子': 29.69, '美工刀': 30.85}, '性价比': {'性价比': 99.34}}",//img.alicdn.com/imgextra/i4/1740406632/O1CN01yEPr831yrVGp8nIuu_!!0-item_pic.jpg,99.3,"{'功能': 100.0, '性能': 100.0, '款式': 100.0, '质量': 100.0, '性价比': 100.0}",14336684
32,2018112614,艾瑞泽,ARZTZ-15,201909,47.67,57,2717.32,{'件数': '11-20件'},,"{'质量': 95.32, '性价比': 93.11}","{'质量': {'做工': -13.3, '质量': 108.62}, '性价比': {'性价比': 93.11}}",-47.71,-44.81,-24.25,-40.53,-75.85,-88.92,-52.0,-2205.98,72.19,"{'质量': 64.99, '性价比': 97.18}","{'质量': {'做工': 19.94, '质量': 64.99}, '性价比': {'性价比': 97.18}}",85.28,"{'功能': 93.57, '性能': 84.94, '款式': 93.96, '质量': 83.04, '配件': 28.36, '性价比': 94.56}","{'功能': {'功能': 93.57}, '性能': {'劲力': 84.94, '扭矩': 93.01}, '款式': {'品类': 93.54, '外观': 95.51, '材质': 77.41, '工具包': 88.29}, '质量': {'做工': 75.45, '质量': 83.04}, '配件': {'榔头': 30.74, '钳子': 28.36, '锯子': 26.06, '美工刀': 24.75}, '性价比': {'性价比': 94.56}}",67,"{'质量': '71/74', '性价比': '20/64'}","{'质量': {'做工': '52/54', '质量': '71/74'}, '性价比': {'性价比': '20/64'}}",98.47,"{'功能': 98.47, '性能': 91.22, '款式': 98.46, '质量': 98.64, '配件': 52.66, '性价比': 99.34}","{'功能': {'功能': 98.47}, '性能': {'劲力': 91.22, '扭矩': 94.08}, '款式': {'品类': 97.99, '外观': 99.63, '材质': 96.3, '工具包': 88.29}, '质量': {'做工': 99.38, '质量': 98.64}, '配件': {'榔头': 30.74, '钳子': 52.66, '锯子': 29.69, '美工刀': 30.85}, '性价比': {'性价比': 99.34}}",//img.alicdn.com/imgextra/i1/1656445899/O1CN01snBOar1tRmsHYpohB_!!1656445899.jpg,82.92,"{'质量': 100.0, '性价比': 100.0}",40015917
33,2018112614,艾瑞泽,ZHTZ,201909,31.78,170,5402.0,"{'产地': '中国大陆', '件数': '41-50件'}",,"{'质量': 73.55, '性价比': 63.88}","{'质量': {'质量': 73.55}, '性价比': {'性价比': 63.88}}",-33.07,-57.99,-57.06,-59.98,,,-84.0,-7457.77,88.96,"{'质量': 86.95, '性价比': 95.94}","{'质量': {'质量': 86.95}, '性价比': {'性价比': 95.94}}",85.28,"{'功能': 93.57, '性能': 84.94, '款式': 93.96, '质量': 83.04, '配件': 28.36, '性价比': 94.56}","{'功能': {'功能': 93.57}, '性能': {'劲力': 84.94, '扭矩': 93.01}, '款式': {'品类': 93.54, '外观': 95.51, '材质': 77.41, '工具包': 88.29}, '质量': {'做工': 75.45, '质量': 83.04}, '配件': {'榔头': 30.74, '钳子': 28.36, '锯子': 26.06, '美工刀': 24.75}, '性价比': {'性价比': 94.56}}",31,"{'质量': '28/74', '性价比': '29/64'}","{'质量': {'质量': '28/74'}, '性价比': {'性价比': '29/64'}}",98.47,"{'功能': 98.47, '性能': 91.22, '款式': 98.46, '质量': 98.64, '配件': 52.66, '性价比': 99.34}","{'功能': {'功能': 98.47}, '性能': {'劲力': 91.22, '扭矩': 94.08}, '款式': {'品类': 97.99, '外观': 99.63, '材质': 96.3, '工具包': 88.29}, '质量': {'做工': 99.38, '质量': 98.64}, '配件': {'榔头': 30.74, '钳子': 52.66, '锯子': 29.69, '美工刀': 30.85}, '性价比': {'性价比': 99.34}}",//img.alicdn.com/imgextra/i3/1656445899/O1CN01aVDzxe1tRmwnHIuOl_!!1656445899.jpg,82.92,"{'质量': 100.0, '性价比': 100.0}",40781359
34,2018112614,芝浦,冲击钻+组套工具,201909,213.63,54,11535.8,{'件数': '100件及以上'},,"{'款式': 25.39, '质量': 94.53, '性价比': 81.02}","{'款式': {'外观': 25.39}, '质量': {'做工': 38.7, '质量': 55.83}, '性价比': {'性价比': 81.02}}",-21.74,-21.45,-47.65,-47.22,170.0,182.68,-15.0,-3149.53,84.97,"{'款式': 90.37, '质量': 81.0, '性价比': 94.42}","{'款式': {'外观': 90.37}, '质量': {'做工': 89.05, '质量': 81.0}, '性价比': {'性价比': 94.42}}",85.28,"{'功能': 93.57, '性能': 84.94, '款式': 93.96, '质量': 83.04, '配件': 28.36, '性价比': 94.56}","{'功能': {'功能': 93.57}, '性能': {'劲力': 84.94, '扭矩': 93.01}, '款式': {'品类': 93.54, '外观': 95.51, '材质': 77.41, '工具包': 88.29}, '质量': {'做工': 75.45, '质量': 83.04}, '配件': {'榔头': 30.74, '钳子': 28.36, '锯子': 26.06, '美工刀': 24.75}, '性价比': {'性价比': 94.56}}",42,"{'款式': '26/32', '质量': '46/74', '性价比': '38/64'}","{'款式': {'外观': '26/30'}, '质量': {'做工': '19/54', '质量': '46/74'}, '性价比': {'性价比': '38/64'}}",98.47,"{'功能': 98.47, '性能': 91.22, '款式': 98.46, '质量': 98.64, '配件': 52.66, '性价比': 99.34}","{'功能': {'功能': 98.47}, '性能': {'劲力': 91.22, '扭矩': 94.08}, '款式': {'品类': 97.99, '外观': 99.63, '材质': 96.3, '工具包': 88.29}, '质量': {'做工': 99.38, '质量': 98.64}, '配件': {'榔头': 30.74, '钳子': 52.66, '锯子': 29.69, '美工刀': 30.85}, '性价比': {'性价比': 99.34}}",//img.alicdn.com/imgextra/i4/1634698824/O1CN01OVEsAi2F3RRjNc6G9_!!1634698824.jpg,97.74,"{'款式': 92.5, '质量': 100.0, '性价比': 100.0}",20759087
35,2018112614,芝浦,锂电钻+工具套装,201909,181.92,391,71129.78,{'件数': '100件及以上'},,"{'款式': 66.51, '质量': 229.13, '性价比': 218.25}","{'款式': {'外观': 66.51}, '质量': {'做工': 89.9, '质量': 139.23}, '性价比': {'性价比': 218.25}}",-9.28,-15.1,-14.69,-15.22,215.32,176.22,-40.0,-12652.55,88.5,"{'款式': 96.09, '质量': 84.68, '性价比': 95.66}","{'款式': {'外观': 96.09}, '质量': {'做工': 91.21, '质量': 84.68}, '性价比': {'性价比': 95.66}}",85.28,"{'功能': 93.57, '性能': 84.94, '款式': 93.96, '质量': 83.04, '配件': 28.36, '性价比': 94.56}","{'功能': {'功能': 93.57}, '性能': {'劲力': 84.94, '扭矩': 93.01}, '款式': {'品类': 93.54, '外观': 95.51, '材质': 77.41, '工具包': 88.29}, '质量': {'做工': 75.45, '质量': 83.04}, '配件': {'榔头': 30.74, '钳子': 28.36, '锯子': 26.06, '美工刀': 24.75}, '性价比': {'性价比': 94.56}}",32,"{'款式': '16/32', '质量': '38/74', '性价比': '33/64'}","{'款式': {'外观': '19/30'}, '质量': {'做工': '13/54', '质量': '38/74'}, '性价比': {'性价比': '33/64'}}",98.47,"{'功能': 98.47, '性能': 91.22, '款式': 98.46, '质量': 98.64, '配件': 52.66, '性价比': 99.34}","{'功能': {'功能': 98.47}, '性能': {'劲力': 91.22, '扭矩': 94.08}, '款式': {'品类': 97.99, '外观': 99.63, '材质': 96.3, '工具包': 88.29}, '质量': {'做工': 99.38, '质量': 98.64}, '配件': {'榔头': 30.74, '钳子': 52.66, '锯子': 29.69, '美工刀': 30.85}, '性价比': {'性价比': 99.34}}",//img.alicdn.com/imgextra/i2/1634698824/O1CN01wkP2Ab2F3RRgarFIw_!!1634698824.jpg,97.74,"{'款式': 92.5, '质量': 100.0, '性价比': 100.0}",31335857
36,2018112614,车大大,002,201909,11.4,3453,39364.2,{'件数': '21-30件'},,"{'质量': -114.51, '配件': -10.88, '性价比': 100.37}","{'质量': {'做工': -24.18, '质量': -90.32}, '配件': {'钳子': -10.88}, '性价比': {'性价比': 100.37}}",8.35,8.35,-76.06,-76.06,-67.13,-67.13,266.0,3032.4,44.64,"{'质量': 31.17, '配件': 16.47, '性价比': 92.44}","{'质量': {'做工': 3.07, '质量': 31.17}, '配件': {'钳子': 16.47}, '性价比': {'性价比': 92.44}}",85.28,"{'功能': 93.57, '性能': 84.94, '款式': 93.96, '质量': 83.04, '配件': 28.36, '性价比': 94.56}","{'功能': {'功能': 93.57}, '性能': {'劲力': 84.94, '扭矩': 93.01}, '款式': {'品类': 93.54, '外观': 95.51, '材质': 77.41, '工具包': 88.29}, '质量': {'做工': 75.45, '质量': 83.04}, '配件': {'榔头': 30.74, '钳子': 28.36, '锯子': 26.06, '美工刀': 24.75}, '性价比': {'性价比': 94.56}}",74,"{'质量': '74/74', '配件': '6/7', '性价比': '52/64'}","{'质量': {'做工': '54/54', '质量': '74/74'}, '配件': {'钳子': '6/7'}, '性价比': {'性价比': '52/64'}}",98.47,"{'功能': 98.47, '性能': 91.22, '款式': 98.46, '质量': 98.64, '配件': 52.66, '性价比': 99.34}","{'功能': {'功能': 98.47}, '性能': {'劲力': 91.22, '扭矩': 94.08}, '款式': {'品类': 97.99, '外观': 99.63, '材质': 96.3, '工具包': 88.29}, '质量': {'做工': 99.38, '质量': 98.64}, '配件': {'榔头': 30.74, '钳子': 52.66, '锯子': 29.69, '美工刀': 30.85}, '性价比': {'性价比': 99.34}}",http://img.alicdn.com/imgextra/i3/2368896908/O1CN0120tuUglLwv3K0L7_!!2368896908.jpg,83.62,"{'质量': 100.0, '配件': 100.0, '性价比': 100.0}",82911407
37,2018112614,闽豹,家用工具套装,201909,34.8,69,2401.2,{'件数': '100件及以上'},,"{'款式': 35.07, '质量': 276.71, '性价比': 280.34}","{'款式': {'外观': 35.07}, '质量': {'做工': 62.88, '质量': 213.83}, '性价比': {'性价比': 280.34}}",-67.61,-67.61,-47.93,-49.28,-90.55,-84.77,-144.0,-5011.2,83.48,"{'款式': 92.84, '质量': 77.55, '性价比': 96.58}","{'款式': {'外观': 92.84}, '质量': {'做工': 78.92, '质量': 77.55}, '性价比': {'性价比': 96.58}}",85.28,"{'功能': 93.57, '性能': 84.94, '款式': 93.96, '质量': 83.04, '配件': 28.36, '性价比': 94.56}","{'功能': {'功能': 93.57}, '性能': {'劲力': 84.94, '扭矩': 93.01}, '款式': {'品类': 93.54, '外观': 95.51, '材质': 77.41, '工具包': 88.29}, '质量': {'做工': 75.45, '质量': 83.04}, '配件': {'榔头': 30.74, '钳子': 28.36, '锯子': 26.06, '美工刀': 24.75}, '性价比': {'性价比': 94.56}}",49,"{'款式': '25/32', '质量': '54/74', '性价比': '28/64'}","{'款式': {'外观': '24/30'}, '质量': {'做工': '33/54', '质量': '54/74'}, '性价比': {'性价比': '28/64'}}",98.47,"{'功能': 98.47, '性能': 91.22, '款式': 98.46, '质量': 98.64, '配件': 52.66, '性价比': 99.34}","{'功能': {'功能': 98.47}, '性能': {'劲力': 91.22, '扭矩': 94.08}, '款式': {'品类': 97.99, '外观': 99.63, '材质': 96.3, '工具包': 88.29}, '质量': {'做工': 99.38, '质量': 98.64}, '配件': {'榔头': 30.74, '钳子': 52.66, '锯子': 29.69, '美工刀': 30.85}, '性价比': {'性价比': 99.34}}",//img.alicdn.com/imgextra/i3/421613746/O1CN01lbf3ZN1dXiDegLO66_!!0-item_pic.jpg,97.74,"{'款式': 92.5, '质量': 100.0, '性价比': 100.0}",96302003
38,2018112614,闽豹,手动家用工具套装,201909,45.6,2484,113270.4,{'件数': '100件及以上'},,"{'功能': 50.37, '款式': 316.31, '质量': 1298.5, '性价比': 1205.06}","{'功能': {'功能': 50.37}, '款式': {'品类': 72.55, '外观': 208.69, '材质': 35.07}, '质量': {'做工': 257.48, '质量': 1041.03}, '性价比': {'性价比': 1205.06}}",7.95,7.95,-13.19,-14.57,-60.83,-46.84,183.0,8344.8,89.64,"{'功能': 91.34, '款式': 95.74, '质量': 85.65, '性价比': 98.55}","{'功能': {'功能': 91.34}, '款式': {'品类': 96.4, '外观': 97.75, '材质': 70.94}, '质量': {'做工': 83.33, '质量': 85.65}, '性价比': {'性价比': 98.55}}",85.28,"{'功能': 93.57, '性能': 84.94, '款式': 93.96, '质量': 83.04, '配件': 28.36, '性价比': 94.56}","{'功能': {'功能': 93.57}, '性能': {'劲力': 84.94, '扭矩': 93.01}, '款式': {'品类': 93.54, '外观': 95.51, '材质': 77.41, '工具包': 88.29}, '质量': {'做工': 75.45, '质量': 83.04}, '配件': {'榔头': 30.74, '钳子': 28.36, '锯子': 26.06, '美工刀': 24.75}, '性价比': {'性价比': 94.56}}",29,"{'功能': '14/18', '款式': '18/32', '质量': '32/74', '性价比': '7/64'}","{'功能': {'功能': '14/18'}, '款式': {'品类': '7/22', '外观': '14/30', '材质': '13/19'}, '质量': {'做工': '29/54', '质量': '32/74'}, '性价比': {'性价比': '7/64'}}",98.47,"{'功能': 98.47, '性能': 91.22, '款式': 98.46, '质量': 98.64, '配件': 52.66, '性价比': 99.34}","{'功能': {'功能': 98.47}, '性能': {'劲力': 91.22, '扭矩': 94.08}, '款式': {'品类': 97.99, '外观': 99.63, '材质': 96.3, '工具包': 88.29}, '质量': {'做工': 99.38, '质量': 98.64}, '配件': {'榔头': 30.74, '钳子': 52.66, '锯子': 29.69, '美工刀': 30.85}, '性价比': {'性价比': 99.34}}",//img.alicdn.com/imgextra/i1/421613746/O1CN01MmhGmH1dXiDwlrp1Z_!!0-item_pic.jpg,98.64,"{'功能': 100.0, '款式': 100.0, '质量': 100.0, '性价比': 100.0}",6559412
39,2018112614,龙韵,GJT0201011,201909,26.17,538,14078.03,{'件数': '21-30件'},,"{'功能': 32.65, '款式': 94.69, '质量': 681.13, '性价比': 671.09}","{'功能': {'功能': 32.65}, '款式': {'外观': 56.0, '材质': 38.7}, '质量': {'做工': 244.43, '质量': 436.7}, '性价比': {'性价比': 671.09}}",29.95,-21.35,9.72,-11.09,16.2,-28.77,124.0,-3820.92,84.72,"{'功能': 92.35, '款式': 88.63, '质量': 79.87, '性价比': 98.08}","{'功能': {'功能': 92.35}, '款式': {'外观': 89.58, '材质': 76.85}, '质量': {'做工': 83.24, '质量': 79.87}, '性价比': {'性价比': 98.08}}",85.28,"{'功能': 93.57, '性能': 84.94, '款式': 93.96, '质量': 83.04, '配件': 28.36, '性价比': 94.56}","{'功能': {'功能': 93.57}, '性能': {'劲力': 84.94, '扭矩': 93.01}, '款式': {'品类': 93.54, '外观': 95.51, '材质': 77.41, '工具包': 88.29}, '质量': {'做工': 75.45, '质量': 83.04}, '配件': {'榔头': 30.74, '钳子': 28.36, '锯子': 26.06, '美工刀': 24.75}, '性价比': {'性价比': 94.56}}",44,"{'功能': '13/18', '款式': '29/32', '质量': '49/74', '性价比': '11/64'}","{'功能': {'功能': '13/18'}, '款式': {'外观': '29/30', '材质': '8/19'}, '质量': {'做工': '30/54', '质量': '49/74'}, '性价比': {'性价比': '11/64'}}",98.47,"{'功能': 98.47, '性能': 91.22, '款式': 98.46, '质量': 98.64, '配件': 52.66, '性价比': 99.34}","{'功能': {'功能': 98.47}, '性能': {'劲力': 91.22, '扭矩': 94.08}, '款式': {'品类': 97.99, '外观': 99.63, '材质': 96.3, '工具包': 88.29}, '质量': {'做工': 99.38, '质量': 98.64}, '配件': {'榔头': 30.74, '钳子': 52.66, '锯子': 29.69, '美工刀': 30.85}, '性价比': {'性价比': 99.34}}",//img.alicdn.com/imgextra/i1/2263323894/TB2Q4FxezuhSKJjSspaXXXFgFXa_!!2263323894.jpg,98.64,"{'功能': 100.0, '款式': 100.0, '质量': 100.0, '性价比': 100.0}",73231926
40,2018112614,ak,家装组套,201909,141.6,266,37665.6,"{'产地': '中国大陆', '件数': '10件以上', '材质': '高碳钢'}",,"{'功能': 45.74, '款式': 525.61, '质量': 3347.48, '性价比': 966.56}","{'功能': {'功能': 45.74}, '款式': {'品类': 224.92, '外观': 84.23, '材质': 216.46}, '质量': {'做工': 719.88, '质量': 2627.61}, '性价比': {'性价比': 966.56}}",-3.27,-3.27,-55.3,-55.05,-78.03,-78.03,-9.0,-1274.4,96.21,"{'功能': 94.41, '款式': 93.04, '质量': 96.63, '性价比': 97.36}","{'功能': {'功能': 94.41}, '款式': {'品类': 97.91, '外观': 92.77, '材质': 96.3}, '质量': {'做工': 94.82, '质量': 96.63}, '性价比': {'性价比': 97.36}}",85.28,"{'功能': 93.57, '性能': 84.94, '款式': 93.96, '质量': 83.04, '配件': 28.36, '性价比': 94.56}","{'功能': {'功能': 93.57}, '性能': {'劲力': 84.94, '扭矩': 93.01}, '款式': {'品类': 93.54, '外观': 95.51, '材质': 77.41, '工具包': 88.29}, '质量': {'做工': 75.45, '质量': 83.04}, '配件': {'榔头': 30.74, '钳子': 28.36, '锯子': 26.06, '美工刀': 24.75}, '性价比': {'性价比': 94.56}}",9,"{'功能': '8/18', '款式': '24/32', '质量': '7/74', '性价比': '17/64'}","{'功能': {'功能': '8/18'}, '款式': {'品类': '2/22', '外观': '25/30', '材质': '1/19'}, '质量': {'做工': '8/54', '质量': '7/74'}, '性价比': {'性价比': '17/64'}}",98.47,"{'功能': 98.47, '性能': 91.22, '款式': 98.46, '质量': 98.64, '配件': 52.66, '性价比': 99.34}","{'功能': {'功能': 98.47}, '性能': {'劲力': 91.22, '扭矩': 94.08}, '款式': {'品类': 97.99, '外观': 99.63, '材质': 96.3, '工具包': 88.29}, '质量': {'做工': 99.38, '质量': 98.64}, '配件': {'榔头': 30.74, '钳子': 52.66, '锯子': 29.69, '美工刀': 30.85}, '性价比': {'性价比': 99.34}}",//img.alicdn.com/imgextra/i2/1738564199/O1CN01tsWuqZ1gtBdEq4lBX_!!1738564199.jpg,98.64,"{'功能': 100.0, '款式': 100.0, '质量': 100.0, '性价比': 100.0}",3722809
41,2018112614,bosch/博世,12/66/108件套,201909,138.09,334,46123.34,"{'产地': '中国大陆', '件数': '100件及以上'}",,{'质量': 40.49},{'质量': {'质量': 40.49}},53.92,0.72,165.0,114.99,735.0,470.44,117.0,330.5,84.01,{'质量': 84.01},{'质量': {'质量': 84.01}},85.28,"{'功能': 93.57, '性能': 84.94, '款式': 93.96, '质量': 83.04, '配件': 28.36, '性价比': 94.56}","{'功能': {'功能': 93.57}, '性能': {'劲力': 84.94, '扭矩': 93.01}, '款式': {'品类': 93.54, '外观': 95.51, '材质': 77.41, '工具包': 88.29}, '质量': {'做工': 75.45, '质量': 83.04}, '配件': {'榔头': 30.74, '钳子': 28.36, '锯子': 26.06, '美工刀': 24.75}, '性价比': {'性价比': 94.56}}",47,{'质量': '40/74'},{'质量': {'质量': '40/74'}},98.47,"{'功能': 98.47, '性能': 91.22, '款式': 98.46, '质量': 98.64, '配件': 52.66, '性价比': 99.34}","{'功能': {'功能': 98.47}, '性能': {'劲力': 91.22, '扭矩': 94.08}, '款式': {'品类': 97.99, '外观': 99.63, '材质': 96.3, '工具包': 88.29}, '质量': {'做工': 99.38, '质量': 98.64}, '配件': {'榔头': 30.74, '钳子': 52.66, '锯子': 29.69, '美工刀': 30.85}, '性价比': {'性价比': 99.34}}",//img.alicdn.com/imgextra/i4/2541984531/TB2h51lfv9TBuNjy1zbXXXpepXa_!!2541984531.jpg,64.36,{'质量': 100.0},43156409
42,2018112614,crest/瑞德,205888,201909,298.78,186,55573.08,{'件数': '100件及以上'},,{'质量': 17.14},{'质量': {'质量': 17.14}},47.62,8.57,18.08,7.73,481.25,756.85,60.0,4386.09,67.47,{'质量': 67.47},{'质量': {'质量': 67.47}},85.28,"{'功能': 93.57, '性能': 84.94, '款式': 93.96, '质量': 83.04, '配件': 28.36, '性价比': 94.56}","{'功能': {'功能': 93.57}, '性能': {'劲力': 84.94, '扭矩': 93.01}, '款式': {'品类': 93.54, '外观': 95.51, '材质': 77.41, '工具包': 88.29}, '质量': {'做工': 75.45, '质量': 83.04}, '配件': {'榔头': 30.74, '钳子': 28.36, '锯子': 26.06, '美工刀': 24.75}, '性价比': {'性价比': 94.56}}",71,{'质量': '69/74'},{'质量': {'质量': '69/74'}},98.47,"{'功能': 98.47, '性能': 91.22, '款式': 98.46, '质量': 98.64, '配件': 52.66, '性价比': 99.34}","{'功能': {'功能': 98.47}, '性能': {'劲力': 91.22, '扭矩': 94.08}, '款式': {'品类': 97.99, '外观': 99.63, '材质': 96.3, '工具包': 88.29}, '质量': {'做工': 99.38, '质量': 98.64}, '配件': {'榔头': 30.74, '钳子': 52.66, '锯子': 29.69, '美工刀': 30.85}, '性价比': {'性价比': 99.34}}",//img.alicdn.com/imgextra/i2/2173650618/TB274naXoz.BuNjt_bXXXcQmpXa_!!2173650618.jpg,64.36,{'质量': 100.0},52133567
43,2018112614,crest/瑞德,电钻套装,201909,129.6,267,34603.2,"{'产地': '中国大陆', '件数': '31-40件'}",,"{'质量': 85.0, '性价比': 45.0}","{'质量': {'质量': 85.0}, '性价比': {'性价比': 45.0}}",,,,,,,,,96.34,"{'质量': 96.91, '性价比': 94.33}","{'质量': {'质量': 96.91}, '性价比': {'性价比': 94.33}}",85.28,"{'功能': 93.57, '性能': 84.94, '款式': 93.96, '质量': 83.04, '配件': 28.36, '性价比': 94.56}","{'功能': {'功能': 93.57}, '性能': {'劲力': 84.94, '扭矩': 93.01}, '款式': {'品类': 93.54, '外观': 95.51, '材质': 77.41, '工具包': 88.29}, '质量': {'做工': 75.45, '质量': 83.04}, '配件': {'榔头': 30.74, '钳子': 28.36, '锯子': 26.06, '美工刀': 24.75}, '性价比': {'性价比': 94.56}}",8,"{'质量': '6/74', '性价比': '40/64'}","{'质量': {'质量': '6/74'}, '性价比': {'性价比': '40/64'}}",98.47,"{'功能': 98.47, '性能': 91.22, '款式': 98.46, '质量': 98.64, '配件': 52.66, '性价比': 99.34}","{'功能': {'功能': 98.47}, '性能': {'劲力': 91.22, '扭矩': 94.08}, '款式': {'品类': 97.99, '外观': 99.63, '材质': 96.3, '工具包': 88.29}, '质量': {'做工': 99.38, '质量': 98.64}, '配件': {'榔头': 30.74, '钳子': 52.66, '锯子': 29.69, '美工刀': 30.85}, '性价比': {'性价比': 99.34}}",//img.alicdn.com/imgextra/i1/2201271029626/O1CN01sEZkf02Kyl5a34k1l_!!2201271029626.jpg,82.92,"{'质量': 100.0, '性价比': 100.0}",56761152
44,2018112614,deli/得力,3702,201909,194.0,86,16684.0,"{'件数': '21-30件', '适用对象': '电工工具'}",,{'质量': 22.98},{'质量': {'质量': 22.98}},10.26,11.29,349.02,355.22,290.91,348.74,8.0,1692.0,78.49,{'质量': 78.49},{'质量': {'质量': 78.49}},85.28,"{'功能': 93.57, '性能': 84.94, '款式': 93.96, '质量': 83.04, '配件': 28.36, '性价比': 94.56}","{'功能': {'功能': 93.57}, '性能': {'劲力': 84.94, '扭矩': 93.01}, '款式': {'品类': 93.54, '外观': 95.51, '材质': 77.41, '工具包': 88.29}, '质量': {'做工': 75.45, '质量': 83.04}, '配件': {'榔头': 30.74, '钳子': 28.36, '锯子': 26.06, '美工刀': 24.75}, '性价比': {'性价比': 94.56}}",60,{'质量': '52/74'},{'质量': {'质量': '52/74'}},98.47,"{'功能': 98.47, '性能': 91.22, '款式': 98.46, '质量': 98.64, '配件': 52.66, '性价比': 99.34}","{'功能': {'功能': 98.47}, '性能': {'劲力': 91.22, '扭矩': 94.08}, '款式': {'品类': 97.99, '外观': 99.63, '材质': 96.3, '工具包': 88.29}, '质量': {'做工': 99.38, '质量': 98.64}, '配件': {'榔头': 30.74, '钳子': 52.66, '锯子': 29.69, '美工刀': 30.85}, '性价比': {'性价比': 99.34}}",//img.alicdn.com/imgextra/i2/407910984/O1CN01fvXZAe1J8iGMUiYDr_!!0-item_pic.jpg,64.36,{'质量': 100.0},78336578
45,2018112614,dpei/赣春,GC-16.2,201909,47.4,430,20380.51,{'件数': '11-20件'},,"{'质量': 841.43, '性价比': 312.78}","{'质量': {'做工': 87.28, '质量': 754.15}, '性价比': {'性价比': 312.78}}",-24.3,-58.93,-7.97,-22.57,-75.4,-84.71,-138.0,-29243.22,87.4,"{'质量': 85.4, '性价比': 94.34}","{'质量': {'做工': 80.18, '质量': 85.4}, '性价比': {'性价比': 94.34}}",85.28,"{'功能': 93.57, '性能': 84.94, '款式': 93.96, '质量': 83.04, '配件': 28.36, '性价比': 94.56}","{'功能': {'功能': 93.57}, '性能': {'劲力': 84.94, '扭矩': 93.01}, '款式': {'品类': 93.54, '外观': 95.51, '材质': 77.41, '工具包': 88.29}, '质量': {'做工': 75.45, '质量': 83.04}, '配件': {'榔头': 30.74, '钳子': 28.36, '锯子': 26.06, '美工刀': 24.75}, '性价比': {'性价比': 94.56}}",36,"{'质量': '33/74', '性价比': '39/64'}","{'质量': {'做工': '31/54', '质量': '33/74'}, '性价比': {'性价比': '39/64'}}",98.47,"{'功能': 98.47, '性能': 91.22, '款式': 98.46, '质量': 98.64, '配件': 52.66, '性价比': 99.34}","{'功能': {'功能': 98.47}, '性能': {'劲力': 91.22, '扭矩': 94.08}, '款式': {'品类': 97.99, '外观': 99.63, '材质': 96.3, '工具包': 88.29}, '质量': {'做工': 99.38, '质量': 98.64}, '配件': {'榔头': 30.74, '钳子': 52.66, '锯子': 29.69, '美工刀': 30.85}, '性价比': {'性价比': 99.34}}",//img.alicdn.com/imgextra/i4/509184510/O1CN01PP8Ogm1jBcoJoYukh_!!509184510.jpg,82.92,"{'质量': 100.0, '性价比': 100.0}",92886212
46,2018112614,dpei/赣春,锂电钻工具套装,201909,192.11,82,15753.13,{'件数': '100件及以上'},,"{'质量': 53.0, '性价比': 28.81}","{'质量': {'质量': 53.0}, '性价比': {'性价比': 28.81}}",20.59,9.85,-63.45,-63.91,,,14.0,1412.68,80.61,"{'质量': 77.5, '性价比': 91.41}","{'质量': {'质量': 77.5}, '性价比': {'性价比': 91.41}}",85.28,"{'功能': 93.57, '性能': 84.94, '款式': 93.96, '质量': 83.04, '配件': 28.36, '性价比': 94.56}","{'功能': {'功能': 93.57}, '性能': {'劲力': 84.94, '扭矩': 93.01}, '款式': {'品类': 93.54, '外观': 95.51, '材质': 77.41, '工具包': 88.29}, '质量': {'做工': 75.45, '质量': 83.04}, '配件': {'榔头': 30.74, '钳子': 28.36, '锯子': 26.06, '美工刀': 24.75}, '性价比': {'性价比': 94.56}}",56,"{'质量': '56/74', '性价比': '55/64'}","{'质量': {'质量': '56/74'}, '性价比': {'性价比': '55/64'}}",98.47,"{'功能': 98.47, '性能': 91.22, '款式': 98.46, '质量': 98.64, '配件': 52.66, '性价比': 99.34}","{'功能': {'功能': 98.47}, '性能': {'劲力': 91.22, '扭矩': 94.08}, '款式': {'品类': 97.99, '外观': 99.63, '材质': 96.3, '工具包': 88.29}, '质量': {'做工': 99.38, '质量': 98.64}, '配件': {'榔头': 30.74, '钳子': 52.66, '锯子': 29.69, '美工刀': 30.85}, '性价比': {'性价比': 99.34}}",//img.alicdn.com/imgextra/i4/509184510/O1CN010mr93k1jBclETUIik_!!509184510.jpg,82.92,"{'质量': 100.0, '性价比': 100.0}",14469578
47,2018112614,fixman/菲克斯曼,BT46,201909,153.6,85,13056.0,{'件数': '41-50件'},,"{'质量': 420.82, '性价比': 49.58}","{'质量': {'做工': 90.69, '质量': 330.13}, '性价比': {'性价比': 49.58}}",60.38,60.38,-39.93,-39.93,-43.33,-43.33,32.0,4915.2,85.1,"{'质量': 86.84, '性价比': 79.07}","{'质量': {'做工': 75.11, '质量': 86.84}, '性价比': {'性价比': 79.07}}",85.28,"{'功能': 93.57, '性能': 84.94, '款式': 93.96, '质量': 83.04, '配件': 28.36, '性价比': 94.56}","{'功能': {'功能': 93.57}, '性能': {'劲力': 84.94, '扭矩': 93.01}, '款式': {'品类': 93.54, '外观': 95.51, '材质': 77.41, '工具包': 88.29}, '质量': {'做工': 75.45, '质量': 83.04}, '配件': {'榔头': 30.74, '钳子': 28.36, '锯子': 26.06, '美工刀': 24.75}, '性价比': {'性价比': 94.56}}",41,"{'质量': '29/74', '性价比': '64/64'}","{'质量': {'做工': '36/54', '质量': '29/74'}, '性价比': {'性价比': '64/64'}}",98.47,"{'功能': 98.47, '性能': 91.22, '款式': 98.46, '质量': 98.64, '配件': 52.66, '性价比': 99.34}","{'功能': {'功能': 98.47}, '性能': {'劲力': 91.22, '扭矩': 94.08}, '款式': {'品类': 97.99, '外观': 99.63, '材质': 96.3, '工具包': 88.29}, '质量': {'做工': 99.38, '质量': 98.64}, '配件': {'榔头': 30.74, '钳子': 52.66, '锯子': 29.69, '美工刀': 30.85}, '性价比': {'性价比': 99.34}}",//img.alicdn.com/imgextra/i3/1121384908/TB1eVd4KVXXXXbwXXXXXXXXXXXX_!!0-item_pic.jpg,82.92,"{'质量': 100.0, '性价比': 100.0}",63617354
48,2018112614,fogo/富格,GJTZ1001,201909,35.17,264,9284.92,{'件数': '11-20件'},,"{'质量': 129.79, '性价比': 88.72}","{'质量': {'做工': 24.72, '质量': 105.07}, '性价比': {'性价比': 88.72}}",55.29,0.29,19.23,-17.92,,,94.0,26.56,92.0,"{'质量': 90.55, '性价比': 97.04}","{'质量': {'做工': 83.95, '质量': 90.55}, '性价比': {'性价比': 97.04}}",85.28,"{'功能': 93.57, '性能': 84.94, '款式': 93.96, '质量': 83.04, '配件': 28.36, '性价比': 94.56}","{'功能': {'功能': 93.57}, '性能': {'劲力': 84.94, '扭矩': 93.01}, '款式': {'品类': 93.54, '外观': 95.51, '材质': 77.41, '工具包': 88.29}, '质量': {'做工': 75.45, '质量': 83.04}, '配件': {'榔头': 30.74, '钳子': 28.36, '锯子': 26.06, '美工刀': 24.75}, '性价比': {'性价比': 94.56}}",19,"{'质量': '21/74', '性价比': '23/64'}","{'质量': {'做工': '26/54', '质量': '21/74'}, '性价比': {'性价比': '23/64'}}",98.47,"{'功能': 98.47, '性能': 91.22, '款式': 98.46, '质量': 98.64, '配件': 52.66, '性价比': 99.34}","{'功能': {'功能': 98.47}, '性能': {'劲力': 91.22, '扭矩': 94.08}, '款式': {'品类': 97.99, '外观': 99.63, '材质': 96.3, '工具包': 88.29}, '质量': {'做工': 99.38, '质量': 98.64}, '配件': {'榔头': 30.74, '钳子': 52.66, '锯子': 29.69, '美工刀': 30.85}, '性价比': {'性价比': 99.34}}",//img.alicdn.com/imgextra/i2/1721433989/O1CN01f4dTzm1fL0T62ygMO_!!1721433989.jpg,82.92,"{'质量': 100.0, '性价比': 100.0}",79496653
49,2018112614,hold,HY-N,201909,23.88,172,4107.36,"{'产地': '中国大陆', '件数': '100件及以上'}",,"{'质量': 45.14, '性价比': 38.93}","{'质量': {'质量': 45.14}, '性价比': {'性价比': 38.93}}",63.81,63.81,238.14,238.14,805.26,261.02,67.0,1599.96,91.59,"{'质量': 91.03, '性价比': 93.5}","{'质量': {'质量': 91.03}, '性价比': {'性价比': 93.5}}",85.28,"{'功能': 93.57, '性能': 84.94, '款式': 93.96, '质量': 83.04, '配件': 28.36, '性价比': 94.56}","{'功能': {'功能': 93.57}, '性能': {'劲力': 84.94, '扭矩': 93.01}, '款式': {'品类': 93.54, '外观': 95.51, '材质': 77.41, '工具包': 88.29}, '质量': {'做工': 75.45, '质量': 83.04}, '配件': {'榔头': 30.74, '钳子': 28.36, '锯子': 26.06, '美工刀': 24.75}, '性价比': {'性价比': 94.56}}",22,"{'质量': '20/74', '性价比': '47/64'}","{'质量': {'质量': '20/74'}, '性价比': {'性价比': '47/64'}}",98.47,"{'功能': 98.47, '性能': 91.22, '款式': 98.46, '质量': 98.64, '配件': 52.66, '性价比': 99.34}","{'功能': {'功能': 98.47}, '性能': {'劲力': 91.22, '扭矩': 94.08}, '款式': {'品类': 97.99, '外观': 99.63, '材质': 96.3, '工具包': 88.29}, '质量': {'做工': 99.38, '质量': 98.64}, '配件': {'榔头': 30.74, '钳子': 52.66, '锯子': 29.69, '美工刀': 30.85}, '性价比': {'性价比': 99.34}}",//img.alicdn.com/imgextra/i3/3193454161/O1CN01VaGSyS1gbmaFmlIa3_!!3193454161.jpg,82.92,"{'质量': 100.0, '性价比': 100.0}",78880336
50,2018112614,sj/上匠,家用工具套装,201909,35.14,826,29027.74,{'件数': '11-100件'},,"{'质量': 500.58, '配件': 9.67, '性价比': 213.83}","{'质量': {'做工': 49.58, '质量': 451.0}, '配件': {'钳子': 9.67}, '性价比': {'性价比': 213.83}}",11.32,-38.93,-20.86,-45.28,-26.9,-54.94,84.0,-18502.02,86.39,"{'质量': 84.83, '配件': 51.41, '性价比': 93.13}","{'质量': {'做工': 69.37, '质量': 84.83}, '配件': {'钳子': 51.41}, '性价比': {'性价比': 93.13}}",85.28,"{'功能': 93.57, '性能': 84.94, '款式': 93.96, '质量': 83.04, '配件': 28.36, '性价比': 94.56}","{'功能': {'功能': 93.57}, '性能': {'劲力': 84.94, '扭矩': 93.01}, '款式': {'品类': 93.54, '外观': 95.51, '材质': 77.41, '工具包': 88.29}, '质量': {'做工': 75.45, '质量': 83.04}, '配件': {'榔头': 30.74, '钳子': 28.36, '锯子': 26.06, '美工刀': 24.75}, '性价比': {'性价比': 94.56}}",39,"{'质量': '37/74', '配件': '2/7', '性价比': '49/64'}","{'质量': {'做工': '39/54', '质量': '37/74'}, '配件': {'钳子': '2/7'}, '性价比': {'性价比': '49/64'}}",98.47,"{'功能': 98.47, '性能': 91.22, '款式': 98.46, '质量': 98.64, '配件': 52.66, '性价比': 99.34}","{'功能': {'功能': 98.47}, '性能': {'劲力': 91.22, '扭矩': 94.08}, '款式': {'品类': 97.99, '外观': 99.63, '材质': 96.3, '工具包': 88.29}, '质量': {'做工': 99.38, '质量': 98.64}, '配件': {'榔头': 30.74, '钳子': 52.66, '锯子': 29.69, '美工刀': 30.85}, '性价比': {'性价比': 99.34}}",//img.alicdn.com/imgextra/i2/1838017021/O1CN0121jfEfRE9RtE2Ef_!!1838017021.jpg,83.62,"{'质量': 100.0, '配件': 100.0, '性价比': 100.0}",94272849
51,2018112614,sj/上匠,牛筋包组套,201909,27.95,233,6511.34,{'件数': '30件及以下'},,"{'质量': 33.65, '性价比': 25.18}","{'质量': {'质量': 33.65}, '性价比': {'性价比': 25.18}}",23.94,-16.66,-1.63,-27.07,126.21,-25.97,45.0,-1302.09,69.03,"{'质量': 64.66, '性价比': 84.2}","{'质量': {'质量': 64.66}, '性价比': {'性价比': 84.2}}",85.28,"{'功能': 93.57, '性能': 84.94, '款式': 93.96, '质量': 83.04, '配件': 28.36, '性价比': 94.56}","{'功能': {'功能': 93.57}, '性能': {'劲力': 84.94, '扭矩': 93.01}, '款式': {'品类': 93.54, '外观': 95.51, '材质': 77.41, '工具包': 88.29}, '质量': {'做工': 75.45, '质量': 83.04}, '配件': {'榔头': 30.74, '钳子': 28.36, '锯子': 26.06, '美工刀': 24.75}, '性价比': {'性价比': 94.56}}",69,"{'质量': '72/74', '性价比': '62/64'}","{'质量': {'质量': '72/74'}, '性价比': {'性价比': '62/64'}}",98.47,"{'功能': 98.47, '性能': 91.22, '款式': 98.46, '质量': 98.64, '配件': 52.66, '性价比': 99.34}","{'功能': {'功能': 98.47}, '性能': {'劲力': 91.22, '扭矩': 94.08}, '款式': {'品类': 97.99, '外观': 99.63, '材质': 96.3, '工具包': 88.29}, '质量': {'做工': 99.38, '质量': 98.64}, '配件': {'榔头': 30.74, '钳子': 52.66, '锯子': 29.69, '美工刀': 30.85}, '性价比': {'性价比': 99.34}}",//img.alicdn.com/imgextra/i1/2117365549/O1CN011qrUE4Ga3jlJlVV_!!2117365549.jpg,82.92,"{'质量': 100.0, '性价比': 100.0}",97417426
52,2018112614,stanley/史丹利,MC-045-23,201909,134.16,703,94311.45,"{'件数': '41-50件', '适用对象': '日常家用'}",,"{'款式': 22.93, '质量': 295.2, '性价比': 84.97}","{'款式': {'品类': 22.93}, '质量': {'做工': 83.39, '质量': 211.81}, '性价比': {'性价比': 84.97}}",71.05,11.78,-14.97,-35.84,253.27,90.95,292.0,9938.2,81.49,"{'质量': 80.17, '性价比': 86.05}","{'款式': {'品类': 82.94}, '质量': {'做工': 78.68, '质量': 80.17}, '性价比': {'性价比': 86.05}}",85.28,"{'功能': 93.57, '性能': 84.94, '款式': 93.96, '质量': 83.04, '配件': 28.36, '性价比': 94.56}","{'功能': {'功能': 93.57}, '性能': {'劲力': 84.94, '扭矩': 93.01}, '款式': {'品类': 93.54, '外观': 95.51, '材质': 77.41, '工具包': 88.29}, '质量': {'做工': 75.45, '质量': 83.04}, '配件': {'榔头': 30.74, '钳子': 28.36, '锯子': 26.06, '美工刀': 24.75}, '性价比': {'性价比': 94.56}}",54,"{'质量': '48/74', '性价比': '60/64'}","{'款式': {'品类': '22/22'}, '质量': {'做工': '34/54', '质量': '48/74'}, '性价比': {'性价比': '60/64'}}",98.47,"{'功能': 98.47, '性能': 91.22, '款式': 98.46, '质量': 98.64, '配件': 52.66, '性价比': 99.34}","{'功能': {'功能': 98.47}, '性能': {'劲力': 91.22, '扭矩': 94.08}, '款式': {'品类': 97.99, '外观': 99.63, '材质': 96.3, '工具包': 88.29}, '质量': {'做工': 99.38, '质量': 98.64}, '配件': {'榔头': 30.74, '钳子': 52.66, '锯子': 29.69, '美工刀': 30.85}, '性价比': {'性价比': 99.34}}",http://img.alicdn.com/imgextra/i1/2177675223/O1CN01RMoPk91oSBDKP9Kku_!!2177675223.jpg,82.92,"{'质量': 100.0, '性价比': 100.0}",99530067
53,2018112614,stanley/史丹利,MC-058-23,201909,285.71,44,12571.2,"{'件数': '51-60件', '适用对象': '机修工具'}",,{'质量': 27.6},{'质量': {'质量': 27.6}},-46.99,-41.3,-68.03,-53.1,,,-39.0,-8844.91,85.36,{'质量': 85.36},{'质量': {'质量': 85.36}},85.28,"{'功能': 93.57, '性能': 84.94, '款式': 93.96, '质量': 83.04, '配件': 28.36, '性价比': 94.56}","{'功能': {'功能': 93.57}, '性能': {'劲力': 84.94, '扭矩': 93.01}, '款式': {'品类': 93.54, '外观': 95.51, '材质': 77.41, '工具包': 88.29}, '质量': {'做工': 75.45, '质量': 83.04}, '配件': {'榔头': 30.74, '钳子': 28.36, '锯子': 26.06, '美工刀': 24.75}, '性价比': {'性价比': 94.56}}",40,{'质量': '34/74'},{'质量': {'质量': '34/74'}},98.47,"{'功能': 98.47, '性能': 91.22, '款式': 98.46, '质量': 98.64, '配件': 52.66, '性价比': 99.34}","{'功能': {'功能': 98.47}, '性能': {'劲力': 91.22, '扭矩': 94.08}, '款式': {'品类': 97.99, '外观': 99.63, '材质': 96.3, '工具包': 88.29}, '质量': {'做工': 99.38, '质量': 98.64}, '配件': {'榔头': 30.74, '钳子': 52.66, '锯子': 29.69, '美工刀': 30.85}, '性价比': {'性价比': 99.34}}",//img.alicdn.com/imgextra/i3/2177675223/O1CN01RgV1Mq1oSBBzQNifz_!!2177675223.jpg,64.36,{'质量': 100.0},205400
54,2018112614,久克,JKDZ1,201909,81.31,128,10407.4,{'件数': '51-60件'},,"{'质量': 257.57, '性价比': 129.18}","{'质量': {'做工': 52.0, '质量': 205.57}, '性价比': {'性价比': 129.18}}",-58.03,-62.86,-29.5,-47.12,-9.86,-32.65,-177.0,-17614.43,84.92,"{'质量': 82.3, '性价比': 94.0}","{'质量': {'做工': 79.76, '质量': 82.3}, '性价比': {'性价比': 94.0}}",85.28,"{'功能': 93.57, '性能': 84.94, '款式': 93.96, '质量': 83.04, '配件': 28.36, '性价比': 94.56}","{'功能': {'功能': 93.57}, '性能': {'劲力': 84.94, '扭矩': 93.01}, '款式': {'品类': 93.54, '外观': 95.51, '材质': 77.41, '工具包': 88.29}, '质量': {'做工': 75.45, '质量': 83.04}, '配件': {'榔头': 30.74, '钳子': 28.36, '锯子': 26.06, '美工刀': 24.75}, '性价比': {'性价比': 94.56}}",43,"{'质量': '43/74', '性价比': '41/64'}","{'质量': {'做工': '32/54', '质量': '43/74'}, '性价比': {'性价比': '41/64'}}",98.47,"{'功能': 98.47, '性能': 91.22, '款式': 98.46, '质量': 98.64, '配件': 52.66, '性价比': 99.34}","{'功能': {'功能': 98.47}, '性能': {'劲力': 91.22, '扭矩': 94.08}, '款式': {'品类': 97.99, '外观': 99.63, '材质': 96.3, '工具包': 88.29}, '质量': {'做工': 99.38, '质量': 98.64}, '配件': {'榔头': 30.74, '钳子': 52.66, '锯子': 29.69, '美工刀': 30.85}, '性价比': {'性价比': 99.34}}",//img.alicdn.com/imgextra/i1/2270259683/O1CN01fmBk3r2LOrfCThLlc_!!0-item_pic.jpg,82.92,"{'质量': 100.0, '性价比': 100.0}",56340953
55,2018112614,久克,JYTZ71,201909,152.77,116,17721.88,{'件数': '100件及以上'},,"{'质量': 211.2, '性价比': 95.53}","{'质量': {'做工': 18.14, '质量': 193.06}, '性价比': {'性价比': 95.53}}",-25.16,-51.54,-80.86,-79.05,-79.02,-83.81,-39.0,-18849.25,87.96,"{'质量': 86.35, '性价比': 93.56}","{'质量': {'做工': 59.97, '质量': 86.35}, '性价比': {'性价比': 93.56}}",85.28,"{'功能': 93.57, '性能': 84.94, '款式': 93.96, '质量': 83.04, '配件': 28.36, '性价比': 94.56}","{'功能': {'功能': 93.57}, '性能': {'劲力': 84.94, '扭矩': 93.01}, '款式': {'品类': 93.54, '外观': 95.51, '材质': 77.41, '工具包': 88.29}, '质量': {'做工': 75.45, '质量': 83.04}, '配件': {'榔头': 30.74, '钳子': 28.36, '锯子': 26.06, '美工刀': 24.75}, '性价比': {'性价比': 94.56}}",34,"{'质量': '30/74', '性价比': '45/64'}","{'质量': {'做工': '43/54', '质量': '30/74'}, '性价比': {'性价比': '45/64'}}",98.47,"{'功能': 98.47, '性能': 91.22, '款式': 98.46, '质量': 98.64, '配件': 52.66, '性价比': 99.34}","{'功能': {'功能': 98.47}, '性能': {'劲力': 91.22, '扭矩': 94.08}, '款式': {'品类': 97.99, '外观': 99.63, '材质': 96.3, '工具包': 88.29}, '质量': {'做工': 99.38, '质量': 98.64}, '配件': {'榔头': 30.74, '钳子': 52.66, '锯子': 29.69, '美工刀': 30.85}, '性价比': {'性价比': 99.34}}",//img.alicdn.com/imgextra/i1/2270259683/O1CN01QxROFg2LOrfIGEYqi_!!2270259683.jpg,82.92,"{'质量': 100.0, '性价比': 100.0}",24740568
56,2018112614,久克,LSJY-70,201909,42.81,825,35315.4,{'件数': '11-20件'},,"{'质量': 157.37, '性价比': 60.25}","{'质量': {'做工': 22.77, '质量': 134.6}, '性价比': {'性价比': 60.25}}",21.5,40.54,-17.28,-42.21,,,146.0,10186.62,93.08,"{'质量': 93.2, '性价比': 92.65}","{'质量': {'做工': 83.78, '质量': 93.2}, '性价比': {'性价比': 92.65}}",85.28,"{'功能': 93.57, '性能': 84.94, '款式': 93.96, '质量': 83.04, '配件': 28.36, '性价比': 94.56}","{'功能': {'功能': 93.57}, '性能': {'劲力': 84.94, '扭矩': 93.01}, '款式': {'品类': 93.54, '外观': 95.51, '材质': 77.41, '工具包': 88.29}, '质量': {'做工': 75.45, '质量': 83.04}, '配件': {'榔头': 30.74, '钳子': 28.36, '锯子': 26.06, '美工刀': 24.75}, '性价比': {'性价比': 94.56}}",16,"{'质量': '17/74', '性价比': '51/64'}","{'质量': {'做工': '27/54', '质量': '17/74'}, '性价比': {'性价比': '51/64'}}",98.47,"{'功能': 98.47, '性能': 91.22, '款式': 98.46, '质量': 98.64, '配件': 52.66, '性价比': 99.34}","{'功能': {'功能': 98.47}, '性能': {'劲力': 91.22, '扭矩': 94.08}, '款式': {'品类': 97.99, '外观': 99.63, '材质': 96.3, '工具包': 88.29}, '质量': {'做工': 99.38, '质量': 98.64}, '配件': {'榔头': 30.74, '钳子': 52.66, '锯子': 29.69, '美工刀': 30.85}, '性价比': {'性价比': 99.34}}",//img.alicdn.com/imgextra/i1/2270259683/O1CN01Q1ikUL2LOreaDpnxL_!!2270259683.jpg,82.92,"{'质量': 100.0, '性价比': 100.0}",33269594
57,2018112614,久克,LSXK-JK60-70,201909,35.15,988,34731.98,{'件数': '21-30件'},,"{'质量': 94.0, '性价比': 39.0}","{'质量': {'做工': 25.0, '质量': 69.0}, '性价比': {'性价比': 39.0}}",,,,,,,,,95.62,"{'质量': 96.23, '性价比': 93.51}","{'质量': {'做工': 90.23, '质量': 96.23}, '性价比': {'性价比': 93.51}}",85.28,"{'功能': 93.57, '性能': 84.94, '款式': 93.96, '质量': 83.04, '配件': 28.36, '性价比': 94.56}","{'功能': {'功能': 93.57}, '性能': {'劲力': 84.94, '扭矩': 93.01}, '款式': {'品类': 93.54, '外观': 95.51, '材质': 77.41, '工具包': 88.29}, '质量': {'做工': 75.45, '质量': 83.04}, '配件': {'榔头': 30.74, '钳子': 28.36, '锯子': 26.06, '美工刀': 24.75}, '性价比': {'性价比': 94.56}}",10,"{'质量': '8/74', '性价比': '46/64'}","{'质量': {'做工': '15/54', '质量': '8/74'}, '性价比': {'性价比': '46/64'}}",98.47,"{'功能': 98.47, '性能': 91.22, '款式': 98.46, '质量': 98.64, '配件': 52.66, '性价比': 99.34}","{'功能': {'功能': 98.47}, '性能': {'劲力': 91.22, '扭矩': 94.08}, '款式': {'品类': 97.99, '外观': 99.63, '材质': 96.3, '工具包': 88.29}, '质量': {'做工': 99.38, '质量': 98.64}, '配件': {'榔头': 30.74, '钳子': 52.66, '锯子': 29.69, '美工刀': 30.85}, '性价比': {'性价比': 99.34}}",//img.alicdn.com/imgextra/i1/2270259683/O1CN01imHoCe2LOrfHDhD1D_!!2270259683-0-pixelsss.jpg,82.92,"{'质量': 100.0, '性价比': 100.0}",18254556
58,2018112614,亚得力,07,201909,117.6,101,11877.6,{'件数': '100件及以上'},,"{'款式': 22.98, '质量': 202.74, '性价比': 139.23}","{'款式': {'品类': 22.98}, '质量': {'做工': -11.09, '质量': 213.83}, '性价比': {'性价比': 139.23}}",180.56,180.56,-60.17,-60.17,-72.99,-72.57,65.0,7644.0,78.81,"{'质量': 75.12, '性价比': 91.6}","{'款式': {'品类': 82.97}, '质量': {'做工': 31.74, '质量': 75.12}, '性价比': {'性价比': 91.6}}",85.28,"{'功能': 93.57, '性能': 84.94, '款式': 93.96, '质量': 83.04, '配件': 28.36, '性价比': 94.56}","{'功能': {'功能': 93.57}, '性能': {'劲力': 84.94, '扭矩': 93.01}, '款式': {'品类': 93.54, '外观': 95.51, '材质': 77.41, '工具包': 88.29}, '质量': {'做工': 75.45, '质量': 83.04}, '配件': {'榔头': 30.74, '钳子': 28.36, '锯子': 26.06, '美工刀': 24.75}, '性价比': {'性价比': 94.56}}",58,"{'质量': '59/74', '性价比': '54/64'}","{'款式': {'品类': '21/22'}, '质量': {'做工': '51/54', '质量': '59/74'}, '性价比': {'性价比': '54/64'}}",98.47,"{'功能': 98.47, '性能': 91.22, '款式': 98.46, '质量': 98.64, '配件': 52.66, '性价比': 99.34}","{'功能': {'功能': 98.47}, '性能': {'劲力': 91.22, '扭矩': 94.08}, '款式': {'品类': 97.99, '外观': 99.63, '材质': 96.3, '工具包': 88.29}, '质量': {'做工': 99.38, '质量': 98.64}, '配件': {'榔头': 30.74, '钳子': 52.66, '锯子': 29.69, '美工刀': 30.85}, '性价比': {'性价比': 99.34}}",//img.alicdn.com/imgextra/i1/2775176701/O1CN01rxYm4P1CQqepporIO_!!76-0-lubanu.jpg,82.92,"{'质量': 100.0, '性价比': 100.0}",24777821
59,2018112614,亚得力,13,201909,20.4,14992,305851.41,{'件数': '100件及以上'},,"{'功能': 42.28, '款式': 285.48, '质量': 1955.87, '配件': -32.23, '性价比': 2062.52}","{'功能': {'功能': 42.28}, '款式': {'品类': 101.07, '外观': 151.48, '材质': 32.93}, '质量': {'做工': 82.93, '质量': 1872.95}, '配件': {'钳子': -21.77, '美工刀': -10.46}, '性价比': {'性价比': 2062.52}}",-18.35,-18.35,-27.43,-29.8,-22.29,-22.28,-3370.0,-68733.41,84.43,"{'功能': 93.98, '款式': 95.41, '质量': 78.7, '配件': 29.74, '性价比': 97.11}","{'功能': {'功能': 93.98}, '款式': {'品类': 93.89, '外观': 98.24, '材质': 60.45}, '质量': {'做工': 54.04, '质量': 78.7}, '配件': {'钳子': 29.74, '美工刀': 18.66}, '性价比': {'性价比': 97.11}}",85.28,"{'功能': 93.57, '性能': 84.94, '款式': 93.96, '质量': 83.04, '配件': 28.36, '性价比': 94.56}","{'功能': {'功能': 93.57}, '性能': {'劲力': 84.94, '扭矩': 93.01}, '款式': {'品类': 93.54, '外观': 95.51, '材质': 77.41, '工具包': 88.29}, '质量': {'做工': 75.45, '质量': 83.04}, '配件': {'榔头': 30.74, '钳子': 28.36, '锯子': 26.06, '美工刀': 24.75}, '性价比': {'性价比': 94.56}}",45,"{'功能': '10/18', '款式': '21/32', '质量': '50/74', '配件': '3/7', '性价比': '22/64'}","{'功能': {'功能': '10/18'}, '款式': {'品类': '12/22', '外观': '9/30', '材质': '18/19'}, '质量': {'做工': '46/54', '质量': '50/74'}, '配件': {'钳子': '3/7', '美工刀': '2/2'}, '性价比': {'性价比': '22/64'}}",98.47,"{'功能': 98.47, '性能': 91.22, '款式': 98.46, '质量': 98.64, '配件': 52.66, '性价比': 99.34}","{'功能': {'功能': 98.47}, '性能': {'劲力': 91.22, '扭矩': 94.08}, '款式': {'品类': 97.99, '外观': 99.63, '材质': 96.3, '工具包': 88.29}, '质量': {'做工': 99.38, '质量': 98.64}, '配件': {'榔头': 30.74, '钳子': 52.66, '锯子': 29.69, '美工刀': 30.85}, '性价比': {'性价比': 99.34}}",//img.alicdn.com/imgextra/i1/2775176701/O1CN01kLTVMu1CyHZTX4Txz_!!149-0-lubanu.jpg,99.34,"{'功能': 100.0, '款式': 100.0, '质量': 100.0, '配件': 100.0, '性价比': 100.0}",60266457
60,2018112614,亚得力,超强铝头电钻套装,201909,286.8,1034,296551.19,"{'产地': '中国大陆', '件数': '100件及以上'}",,"{'功能': 52.79, '性能': 24.56, '款式': 177.71, '质量': 1030.84, '性价比': 522.49}","{'功能': {'功能': 52.79}, '性能': {'劲力': 24.56}, '款式': {'品类': 61.67, '外观': 81.81, '材质': 34.23}, '质量': {'做工': 190.97, '质量': 839.87}, '性价比': {'性价比': 522.49}}",39.73,39.73,48.84,46.79,,,294.0,84319.19,98.25,"{'功能': 95.12, '性能': 90.07, '款式': 96.49, '质量': 98.64, '性价比': 98.74}","{'功能': {'功能': 95.12}, '性能': {'劲力': 90.07}, '款式': {'品类': 95.8, '外观': 96.8, '材质': 92.67}, '质量': {'做工': 97.54, '质量': 98.64}, '性价比': {'性价比': 98.74}}",85.28,"{'功能': 93.57, '性能': 84.94, '款式': 93.96, '质量': 83.04, '配件': 28.36, '性价比': 94.56}","{'功能': {'功能': 93.57}, '性能': {'劲力': 84.94, '扭矩': 93.01}, '款式': {'品类': 93.54, '外观': 95.51, '材质': 77.41, '工具包': 88.29}, '质量': {'做工': 75.45, '质量': 83.04}, '配件': {'榔头': 30.74, '钳子': 28.36, '锯子': 26.06, '美工刀': 24.75}, '性价比': {'性价比': 94.56}}",2,"{'功能': '6/18', '性能': '3/8', '款式': '12/32', '质量': '1/74', '性价比': '3/64'}","{'功能': {'功能': '6/18'}, '性能': {'劲力': '3/8'}, '款式': {'品类': '9/22', '外观': '16/30', '材质': '3/19'}, '质量': {'做工': '4/54', '质量': '1/74'}, '性价比': {'性价比': '3/64'}}",98.47,"{'功能': 98.47, '性能': 91.22, '款式': 98.46, '质量': 98.64, '配件': 52.66, '性价比': 99.34}","{'功能': {'功能': 98.47}, '性能': {'劲力': 91.22, '扭矩': 94.08}, '款式': {'品类': 97.99, '外观': 99.63, '材质': 96.3, '工具包': 88.29}, '质量': {'做工': 99.38, '质量': 98.64}, '配件': {'榔头': 30.74, '钳子': 52.66, '锯子': 29.69, '美工刀': 30.85}, '性价比': {'性价比': 99.34}}",//img.alicdn.com/imgextra/i1/2775176701/O1CN01yrwO8S1CqxEXyovJ3_!!133-0-lubanu.jpg,99.3,"{'功能': 100.0, '性能': 100.0, '款式': 100.0, '质量': 100.0, '性价比': 100.0}",69768543
61,2018112614,佛兰仕,FLS-966,201909,668.15,54,36080.0,{'件数': '100件及以上'},,{'质量': 25.18},{'质量': {'质量': 25.18}},-29.87,-29.82,-33.33,-33.92,285.71,274.58,-23.0,-15332.0,71.64,{'质量': 71.64},{'质量': {'质量': 71.64}},85.28,"{'功能': 93.57, '性能': 84.94, '款式': 93.96, '质量': 83.04, '配件': 28.36, '性价比': 94.56}","{'功能': {'功能': 93.57}, '性能': {'劲力': 84.94, '扭矩': 93.01}, '款式': {'品类': 93.54, '外观': 95.51, '材质': 77.41, '工具包': 88.29}, '质量': {'做工': 75.45, '质量': 83.04}, '配件': {'榔头': 30.74, '钳子': 28.36, '锯子': 26.06, '美工刀': 24.75}, '性价比': {'性价比': 94.56}}",68,{'质量': '66/74'},{'质量': {'质量': '66/74'}},98.47,"{'功能': 98.47, '性能': 91.22, '款式': 98.46, '质量': 98.64, '配件': 52.66, '性价比': 99.34}","{'功能': {'功能': 98.47}, '性能': {'劲力': 91.22, '扭矩': 94.08}, '款式': {'品类': 97.99, '外观': 99.63, '材质': 96.3, '工具包': 88.29}, '质量': {'做工': 99.38, '质量': 98.64}, '配件': {'榔头': 30.74, '钳子': 52.66, '锯子': 29.69, '美工刀': 30.85}, '性价比': {'性价比': 99.34}}",//img.alicdn.com/imgextra/i1/2904063514/O1CN01R82Dmr1bpSKbIXsqC_!!2904063514.jpg,64.36,{'质量': 100.0},57837665
62,2018112614,佛兰仕,工具箱套装-001,201909,314.1,226,70986.61,{'件数': '100件及以上'},,"{'款式': 52.53, '质量': 102.07, '性价比': 103.28}","{'款式': {'外观': 52.53}, '质量': {'做工': 47.11, '质量': 54.95}, '性价比': {'性价比': 103.28}}",-37.22,-37.04,372.68,383.62,,,-134.0,-41769.31,90.58,"{'款式': 95.1, '质量': 87.56, '性价比': 97.45}","{'款式': {'外观': 95.1}, '质量': {'做工': 94.57, '质量': 87.56}, '性价比': {'性价比': 97.45}}",85.28,"{'功能': 93.57, '性能': 84.94, '款式': 93.96, '质量': 83.04, '配件': 28.36, '性价比': 94.56}","{'功能': {'功能': 93.57}, '性能': {'劲力': 84.94, '扭矩': 93.01}, '款式': {'品类': 93.54, '外观': 95.51, '材质': 77.41, '工具包': 88.29}, '质量': {'做工': 75.45, '质量': 83.04}, '配件': {'榔头': 30.74, '钳子': 28.36, '锯子': 26.06, '美工刀': 24.75}, '性价比': {'性价比': 94.56}}",26,"{'款式': '22/32', '质量': '24/74', '性价比': '15/64'}","{'款式': {'外观': '22/30'}, '质量': {'做工': '9/54', '质量': '24/74'}, '性价比': {'性价比': '15/64'}}",98.47,"{'功能': 98.47, '性能': 91.22, '款式': 98.46, '质量': 98.64, '配件': 52.66, '性价比': 99.34}","{'功能': {'功能': 98.47}, '性能': {'劲力': 91.22, '扭矩': 94.08}, '款式': {'品类': 97.99, '外观': 99.63, '材质': 96.3, '工具包': 88.29}, '质量': {'做工': 99.38, '质量': 98.64}, '配件': {'榔头': 30.74, '钳子': 52.66, '锯子': 29.69, '美工刀': 30.85}, '性价比': {'性价比': 99.34}}",//img.alicdn.com/imgextra/i2/1676043704/O1CN01XlNYR21dETaY3Gweo_!!1676043704.jpg,97.74,"{'款式': 92.5, '质量': 100.0, '性价比': 100.0}",89074786
63,2018112614,力箭,LJF12008,201909,47.31,108,5109.99,{'件数': '100件及以上'},,{'质量': 18.14},{'质量': {'质量': 18.14}},-10.74,-50.43,-25.58,-11.2,200.0,57.67,-13.0,-5199.43,60.15,{'质量': 60.15},{'质量': {'质量': 60.15}},85.28,"{'功能': 93.57, '性能': 84.94, '款式': 93.96, '质量': 83.04, '配件': 28.36, '性价比': 94.56}","{'功能': {'功能': 93.57}, '性能': {'劲力': 84.94, '扭矩': 93.01}, '款式': {'品类': 93.54, '外观': 95.51, '材质': 77.41, '工具包': 88.29}, '质量': {'做工': 75.45, '质量': 83.04}, '配件': {'榔头': 30.74, '钳子': 28.36, '锯子': 26.06, '美工刀': 24.75}, '性价比': {'性价比': 94.56}}",73,{'质量': '73/74'},{'质量': {'质量': '73/74'}},98.47,"{'功能': 98.47, '性能': 91.22, '款式': 98.46, '质量': 98.64, '配件': 52.66, '性价比': 99.34}","{'功能': {'功能': 98.47}, '性能': {'劲力': 91.22, '扭矩': 94.08}, '款式': {'品类': 97.99, '外观': 99.63, '材质': 96.3, '工具包': 88.29}, '质量': {'做工': 99.38, '质量': 98.64}, '配件': {'榔头': 30.74, '钳子': 52.66, '锯子': 29.69, '美工刀': 30.85}, '性价比': {'性价比': 99.34}}",//img.alicdn.com/imgextra/i2/2336196419/O1CN01TGJgaO1xHwplR8lPy_!!2336196419.jpg,64.36,{'质量': 100.0},86205289
64,2018112614,卡夫威尔,H1041A,201909,57.6,257,14803.2,"{'产地': '中国大陆', '件数': '41-50件'}",,{'质量': 52.0},{'质量': {'质量': 52.0}},-41.72,-41.72,89.55,219.7,1017.39,2930.21,-184.0,-10598.4,91.59,{'质量': 91.59},{'质量': {'质量': 91.59}},85.28,"{'功能': 93.57, '性能': 84.94, '款式': 93.96, '质量': 83.04, '配件': 28.36, '性价比': 94.56}","{'功能': {'功能': 93.57}, '性能': {'劲力': 84.94, '扭矩': 93.01}, '款式': {'品类': 93.54, '外观': 95.51, '材质': 77.41, '工具包': 88.29}, '质量': {'做工': 75.45, '质量': 83.04}, '配件': {'榔头': 30.74, '钳子': 28.36, '锯子': 26.06, '美工刀': 24.75}, '性价比': {'性价比': 94.56}}",21,{'质量': '19/74'},{'质量': {'质量': '19/74'}},98.47,"{'功能': 98.47, '性能': 91.22, '款式': 98.46, '质量': 98.64, '配件': 52.66, '性价比': 99.34}","{'功能': {'功能': 98.47}, '性能': {'劲力': 91.22, '扭矩': 94.08}, '款式': {'品类': 97.99, '外观': 99.63, '材质': 96.3, '工具包': 88.29}, '质量': {'做工': 99.38, '质量': 98.64}, '配件': {'榔头': 30.74, '钳子': 52.66, '锯子': 29.69, '美工刀': 30.85}, '性价比': {'性价比': 99.34}}",//img.alicdn.com/imgextra/i4/2786617481/TB2dcS2ahTpK1RjSZR0XXbEwXXa_!!2786617481.jpg,64.36,{'质量': 100.0},52332653
65,2018112614,卡瓦尼,套装,201909,161.89,61,9875.47,{'件数': '100件及以上'},,"{'功能': 228.34, '性能': 104.0, '款式': 278.13, '质量': 1149.16, '性价比': 1009.51}","{'功能': {'功能': 228.34}, '性能': {'劲力': 27.81, '扭矩': 76.18}, '款式': {'外观': 246.69, '材质': 31.44}, '质量': {'做工': 436.12, '质量': 713.04}, '性价比': {'性价比': 1009.51}}",-64.94,-72.07,-33.16,-48.16,-71.36,-70.47,-113.0,-25481.45,98.47,"{'功能': 96.49, '性能': 85.45, '款式': 98.4, '质量': 98.4, '性价比': 99.34}","{'功能': {'功能': 96.49}, '性能': {'劲力': 85.45, '扭矩': 94.08}, '款式': {'外观': 98.91, '材质': 92.08}, '质量': {'做工': 99.38, '质量': 98.4}, '性价比': {'性价比': 99.34}}",85.28,"{'功能': 93.57, '性能': 84.94, '款式': 93.96, '质量': 83.04, '配件': 28.36, '性价比': 94.56}","{'功能': {'功能': 93.57}, '性能': {'劲力': 84.94, '扭矩': 93.01}, '款式': {'品类': 93.54, '外观': 95.51, '材质': 77.41, '工具包': 88.29}, '质量': {'做工': 75.45, '质量': 83.04}, '配件': {'榔头': 30.74, '钳子': 28.36, '锯子': 26.06, '美工刀': 24.75}, '性价比': {'性价比': 94.56}}",1,"{'功能': '4/18', '性能': '5/8', '款式': '2/32', '质量': '2/74', '性价比': '1/64'}","{'功能': {'功能': '4/18'}, '性能': {'劲力': '5/8', '扭矩': '1/5'}, '款式': {'外观': '4/30', '材质': '5/19'}, '质量': {'做工': '1/54', '质量': '2/74'}, '性价比': {'性价比': '1/64'}}",98.47,"{'功能': 98.47, '性能': 91.22, '款式': 98.46, '质量': 98.64, '配件': 52.66, '性价比': 99.34}","{'功能': {'功能': 98.47}, '性能': {'劲力': 91.22, '扭矩': 94.08}, '款式': {'品类': 97.99, '外观': 99.63, '材质': 96.3, '工具包': 88.29}, '质量': {'做工': 99.38, '质量': 98.64}, '配件': {'榔头': 30.74, '钳子': 52.66, '锯子': 29.69, '美工刀': 30.85}, '性价比': {'性价比': 99.34}}",//img.alicdn.com/imgextra/i4/1745623044/O1CN01khF67M1YMCBMIplYA_!!1745623044.jpg,99.3,"{'功能': 100.0, '性能': 100.0, '款式': 100.0, '质量': 100.0, '性价比': 100.0}",36036976
66,2018112614,厚政,610,201909,20.15,208,4190.16,{'件数': '11-20件'},,"{'质量': 148.74, '配件': -20.56, '性价比': 137.85}","{'质量': {'做工': 6.05, '质量': 142.69}, '配件': {'钳子': -20.56}, '性价比': {'性价比': 137.85}}",31.65,8.89,-49.68,-61.48,-78.71,-84.1,50.0,342.19,75.81,"{'质量': 72.31, '配件': 3.51, '性价比': 90.69}","{'质量': {'做工': 44.71, '质量': 72.31}, '配件': {'钳子': 3.51}, '性价比': {'性价比': 90.69}}",85.28,"{'功能': 93.57, '性能': 84.94, '款式': 93.96, '质量': 83.04, '配件': 28.36, '性价比': 94.56}","{'功能': {'功能': 93.57}, '性能': {'劲力': 84.94, '扭矩': 93.01}, '款式': {'品类': 93.54, '外观': 95.51, '材质': 77.41, '工具包': 88.29}, '质量': {'做工': 75.45, '质量': 83.04}, '配件': {'榔头': 30.74, '钳子': 28.36, '锯子': 26.06, '美工刀': 24.75}, '性价比': {'性价比': 94.56}}",64,"{'质量': '65/74', '配件': '7/7', '性价比': '57/64'}","{'质量': {'做工': '49/54', '质量': '65/74'}, '配件': {'钳子': '7/7'}, '性价比': {'性价比': '57/64'}}",98.47,"{'功能': 98.47, '性能': 91.22, '款式': 98.46, '质量': 98.64, '配件': 52.66, '性价比': 99.34}","{'功能': {'功能': 98.47}, '性能': {'劲力': 91.22, '扭矩': 94.08}, '款式': {'品类': 97.99, '外观': 99.63, '材质': 96.3, '工具包': 88.29}, '质量': {'做工': 99.38, '质量': 98.64}, '配件': {'榔头': 30.74, '钳子': 52.66, '锯子': 29.69, '美工刀': 30.85}, '性价比': {'性价比': 99.34}}",//img.alicdn.com/imgextra/i4/2153750563/TB21s1zmsnI8KJjSspeXXcwIpXa_!!2153750563.jpg,83.62,"{'质量': 100.0, '配件': 100.0, '性价比': 100.0}",47058289
67,2018112614,哲登,ZD-061,201909,17.76,1082,19216.32,"{'产地': '中国大陆', '件数': '100件及以上', '材质': '金属'}",,"{'款式': 96.04, '质量': 306.78, '性价比': 323.92}","{'款式': {'外观': 63.32, '材质': 32.72}, '质量': {'做工': 119.72, '质量': 187.07}, '性价比': {'性价比': 323.92}}",70.93,70.93,,,,,449.0,7974.24,96.56,"{'款式': 95.64, '质量': 96.18, '性价比': 98.64}","{'款式': {'外观': 95.9, '材质': 92.36}, '质量': {'做工': 97.79, '质量': 96.18}, '性价比': {'性价比': 98.64}}",85.28,"{'功能': 93.57, '性能': 84.94, '款式': 93.96, '质量': 83.04, '配件': 28.36, '性价比': 94.56}","{'功能': {'功能': 93.57}, '性能': {'劲力': 84.94, '扭矩': 93.01}, '款式': {'品类': 93.54, '外观': 95.51, '材质': 77.41, '工具包': 88.29}, '质量': {'做工': 75.45, '质量': 83.04}, '配件': {'榔头': 30.74, '钳子': 28.36, '锯子': 26.06, '美工刀': 24.75}, '性价比': {'性价比': 94.56}}",6,"{'款式': '19/32', '质量': '9/74', '性价比': '5/64'}","{'款式': {'外观': '21/30', '材质': '4/19'}, '质量': {'做工': '2/54', '质量': '9/74'}, '性价比': {'性价比': '5/64'}}",98.47,"{'功能': 98.47, '性能': 91.22, '款式': 98.46, '质量': 98.64, '配件': 52.66, '性价比': 99.34}","{'功能': {'功能': 98.47}, '性能': {'劲力': 91.22, '扭矩': 94.08}, '款式': {'品类': 97.99, '外观': 99.63, '材质': 96.3, '工具包': 88.29}, '质量': {'做工': 99.38, '质量': 98.64}, '配件': {'榔头': 30.74, '钳子': 52.66, '锯子': 29.69, '美工刀': 30.85}, '性价比': {'性价比': 99.34}}",//img.alicdn.com/imgextra/i1/4026943033/O1CN01uilLI41YH9p3ZHPkJ_!!4026943033.jpg,97.74,"{'款式': 100.0, '质量': 100.0, '性价比': 100.0}",77337840
68,2018112614,戈麦斯,TYK,201909,167.19,58,9697.2,"{'产地': '中国大陆', '件数': '100件及以上'}",,"{'功能': 111.25, '性能': 38.7, '款式': 118.51, '质量': 956.52, '性价比': 542.53}","{'功能': {'功能': 111.25}, '性能': {'扭矩': 38.7}, '款式': {'外观': 118.51}, '质量': {'做工': 304.73, '质量': 651.79}, '性价比': {'性价比': 542.53}}",-92.74,-92.72,-56.43,-56.46,,,-741.0,-123576.0,96.38,"{'功能': 97.63, '款式': 97.77, '质量': 95.25, '性价比': 99.12}","{'功能': {'功能': 97.63}, '性能': {'扭矩': 93.46}, '款式': {'外观': 97.77}, '质量': {'做工': 97.34, '质量': 95.25}, '性价比': {'性价比': 99.12}}",85.28,"{'功能': 93.57, '性能': 84.94, '款式': 93.96, '质量': 83.04, '配件': 28.36, '性价比': 94.56}","{'功能': {'功能': 93.57}, '性能': {'劲力': 84.94, '扭矩': 93.01}, '款式': {'品类': 93.54, '外观': 95.51, '材质': 77.41, '工具包': 88.29}, '质量': {'做工': 75.45, '质量': 83.04}, '配件': {'榔头': 30.74, '钳子': 28.36, '锯子': 26.06, '美工刀': 24.75}, '性价比': {'性价比': 94.56}}",7,"{'功能': '2/18', '款式': '5/32', '质量': '10/74', '性价比': '2/64'}","{'功能': {'功能': '2/18'}, '性能': {'扭矩': '2/5'}, '款式': {'外观': '13/30'}, '质量': {'做工': '6/54', '质量': '10/74'}, '性价比': {'性价比': '2/64'}}",98.47,"{'功能': 98.47, '性能': 91.22, '款式': 98.46, '质量': 98.64, '配件': 52.66, '性价比': 99.34}","{'功能': {'功能': 98.47}, '性能': {'劲力': 91.22, '扭矩': 94.08}, '款式': {'品类': 97.99, '外观': 99.63, '材质': 96.3, '工具包': 88.29}, '质量': {'做工': 99.38, '质量': 98.64}, '配件': {'榔头': 30.74, '钳子': 52.66, '锯子': 29.69, '美工刀': 30.85}, '性价比': {'性价比': 99.34}}",//img.alicdn.com/imgextra/i1/779527512/O1CN0125MXiNqwHCUJkmw_!!0-item_pic.jpg,98.64,"{'功能': 100.0, '款式': 92.5, '质量': 100.0, '性价比': 100.0}",68728180
69,2018112614,戈麦斯,TYK-01,201909,154.8,95,14706.0,{'件数': '100件及以上'},,"{'功能': 212.83, '性能': 129.39, '款式': 199.53, '质量': 1500.26, '性价比': 1025.23}","{'功能': {'功能': 212.83}, '性能': {'劲力': 49.58, '扭矩': 79.81}, '款式': {'品类': 26.6, '外观': 172.92}, '质量': {'做工': 478.86, '质量': 1021.4}, '性价比': {'性价比': 1025.23}}",-62.6,-62.6,-40.74,-40.74,-96.1,-96.1,-159.0,-24613.2,95.28,"{'功能': 96.98, '性能': 91.22, '款式': 98.46, '质量': 93.61, '性价比': 98.59}","{'功能': {'功能': 96.98}, '性能': {'劲力': 91.22, '扭矩': 92.41}, '款式': {'品类': 90.77, '外观': 98.46}, '质量': {'做工': 97.34, '质量': 93.61}, '性价比': {'性价比': 98.59}}",85.28,"{'功能': 93.57, '性能': 84.94, '款式': 93.96, '质量': 83.04, '配件': 28.36, '性价比': 94.56}","{'功能': {'功能': 93.57}, '性能': {'劲力': 84.94, '扭矩': 93.01}, '款式': {'品类': 93.54, '外观': 95.51, '材质': 77.41, '工具包': 88.29}, '质量': {'做工': 75.45, '质量': 83.04}, '配件': {'榔头': 30.74, '钳子': 28.36, '锯子': 26.06, '美工刀': 24.75}, '性价比': {'性价比': 94.56}}",12,"{'功能': '3/18', '性能': '1/8', '款式': '1/32', '质量': '16/74', '性价比': '6/64'}","{'功能': {'功能': '3/18'}, '性能': {'劲力': '1/8', '扭矩': '4/5'}, '款式': {'品类': '19/22', '外观': '6/30'}, '质量': {'做工': '7/54', '质量': '16/74'}, '性价比': {'性价比': '6/64'}}",98.47,"{'功能': 98.47, '性能': 91.22, '款式': 98.46, '质量': 98.64, '配件': 52.66, '性价比': 99.34}","{'功能': {'功能': 98.47}, '性能': {'劲力': 91.22, '扭矩': 94.08}, '款式': {'品类': 97.99, '外观': 99.63, '材质': 96.3, '工具包': 88.29}, '质量': {'做工': 99.38, '质量': 98.64}, '配件': {'榔头': 30.74, '钳子': 52.66, '锯子': 29.69, '美工刀': 30.85}, '性价比': {'性价比': 99.34}}",//img.alicdn.com/imgextra/i3/3220544148/TB2ShpwHh1YBuNjy1zcXXbNcXXa_!!3220544148.png,99.3,"{'功能': 100.0, '性能': 100.0, '款式': 92.5, '质量': 100.0, '性价比': 100.0}",43381364
70,2018112614,捷顺,家用工具组合套装,201909,93.55,1155,108049.32,{'件数': '100件及以上'},,"{'质量': 285.8, '性价比': 272.08}","{'质量': {'做工': 26.6, '质量': 259.2}, '性价比': {'性价比': 272.08}}",1169.23,1895.37,353.4,568.96,-49.14,52.63,1064.0,102634.32,78.73,"{'质量': 74.19, '性价比': 94.48}","{'质量': {'做工': 58.38, '质量': 74.19}, '性价比': {'性价比': 94.48}}",85.28,"{'功能': 93.57, '性能': 84.94, '款式': 93.96, '质量': 83.04, '配件': 28.36, '性价比': 94.56}","{'功能': {'功能': 93.57}, '性能': {'劲力': 84.94, '扭矩': 93.01}, '款式': {'品类': 93.54, '外观': 95.51, '材质': 77.41, '工具包': 88.29}, '质量': {'做工': 75.45, '质量': 83.04}, '配件': {'榔头': 30.74, '钳子': 28.36, '锯子': 26.06, '美工刀': 24.75}, '性价比': {'性价比': 94.56}}",59,"{'质量': '61/74', '性价比': '37/64'}","{'质量': {'做工': '44/54', '质量': '61/74'}, '性价比': {'性价比': '37/64'}}",98.47,"{'功能': 98.47, '性能': 91.22, '款式': 98.46, '质量': 98.64, '配件': 52.66, '性价比': 99.34}","{'功能': {'功能': 98.47}, '性能': {'劲力': 91.22, '扭矩': 94.08}, '款式': {'品类': 97.99, '外观': 99.63, '材质': 96.3, '工具包': 88.29}, '质量': {'做工': 99.38, '质量': 98.64}, '配件': {'榔头': 30.74, '钳子': 52.66, '锯子': 29.69, '美工刀': 30.85}, '性价比': {'性价比': 99.34}}",//img.alicdn.com/imgextra/i1/2148001021/TB1bSKudMfH8KJjy1zcXXcTzpXa_!!0-item_pic.jpg,82.92,"{'质量': 100.0, '性价比': 100.0}",23058293
71,2018112614,捷顺,组合工具套装,201909,17.88,2912,52066.56,{'件数': '11-20件'},,"{'款式': 57.11, '质量': 455.75, '配件': -9.67, '性价比': 512.96}","{'款式': {'品类': 32.23, '材质': 24.88}, '质量': {'做工': 14.09, '质量': 441.66}, '配件': {'钳子': -9.67}, '性价比': {'性价比': 512.96}}",45.6,45.6,-40.46,-40.46,-22.45,-22.45,912.0,16306.56,78.23,"{'款式': 76.39, '质量': 74.1, '配件': 27.73, '性价比': 95.93}","{'款式': {'品类': 92.25, '材质': 76.39}, '质量': {'做工': 48.6, '质量': 74.1}, '配件': {'钳子': 27.73}, '性价比': {'性价比': 95.93}}",85.28,"{'功能': 93.57, '性能': 84.94, '款式': 93.96, '质量': 83.04, '配件': 28.36, '性价比': 94.56}","{'功能': {'功能': 93.57}, '性能': {'劲力': 84.94, '扭矩': 93.01}, '款式': {'品类': 93.54, '外观': 95.51, '材质': 77.41, '工具包': 88.29}, '质量': {'做工': 75.45, '质量': 83.04}, '配件': {'榔头': 30.74, '钳子': 28.36, '锯子': 26.06, '美工刀': 24.75}, '性价比': {'性价比': 94.56}}",61,"{'款式': '31/32', '质量': '62/74', '配件': '4/7', '性价比': '30/64'}","{'款式': {'品类': '15/22', '材质': '9/19'}, '质量': {'做工': '48/54', '质量': '62/74'}, '配件': {'钳子': '4/7'}, '性价比': {'性价比': '30/64'}}",98.47,"{'功能': 98.47, '性能': 91.22, '款式': 98.46, '质量': 98.64, '配件': 52.66, '性价比': 99.34}","{'功能': {'功能': 98.47}, '性能': {'劲力': 91.22, '扭矩': 94.08}, '款式': {'品类': 97.99, '外观': 99.63, '材质': 96.3, '工具包': 88.29}, '质量': {'做工': 99.38, '质量': 98.64}, '配件': {'榔头': 30.74, '钳子': 52.66, '锯子': 29.69, '美工刀': 30.85}, '性价比': {'性价比': 99.34}}",//img.alicdn.com/imgextra/i1/TB1oLrBKFXXXXb8XpXXXXXXXXXX_!!0-item_pic.jpg,98.43,"{'款式': 7.5, '质量': 100.0, '配件': 100.0, '性价比': 100.0}",69825143
72,2018112614,晶思达,JSDGJX,201909,45.03,16395,738226.44,{'件数': '100件及以上'},,"{'款式': 240.23, '质量': 899.65, '性价比': 738.31}","{'款式': {'品类': 56.7, '外观': 158.18, '材质': 25.35}, '质量': {'做工': 245.46, '质量': 654.19}, '性价比': {'性价比': 738.31}}",119.16,46.51,822.14,669.65,,,8914.0,234354.75,89.33,"{'款式': 96.41, '质量': 84.99, '性价比': 98.74}","{'款式': {'品类': 95.44, '外观': 98.32, '材质': 72.87}, '质量': {'做工': 85.53, '质量': 84.99}, '性价比': {'性价比': 98.74}}",85.28,"{'功能': 93.57, '性能': 84.94, '款式': 93.96, '质量': 83.04, '配件': 28.36, '性价比': 94.56}","{'功能': {'功能': 93.57}, '性能': {'劲力': 84.94, '扭矩': 93.01}, '款式': {'品类': 93.54, '外观': 95.51, '材质': 77.41, '工具包': 88.29}, '质量': {'做工': 75.45, '质量': 83.04}, '配件': {'榔头': 30.74, '钳子': 28.36, '锯子': 26.06, '美工刀': 24.75}, '性价比': {'性价比': 94.56}}",30,"{'款式': '14/32', '质量': '36/74', '性价比': '4/64'}","{'款式': {'品类': '10/22', '外观': '7/30', '材质': '12/19'}, '质量': {'做工': '24/54', '质量': '36/74'}, '性价比': {'性价比': '4/64'}}",98.47,"{'功能': 98.47, '性能': 91.22, '款式': 98.46, '质量': 98.64, '配件': 52.66, '性价比': 99.34}","{'功能': {'功能': 98.47}, '性能': {'劲力': 91.22, '扭矩': 94.08}, '款式': {'品类': 97.99, '外观': 99.63, '材质': 96.3, '工具包': 88.29}, '质量': {'做工': 99.38, '质量': 98.64}, '配件': {'榔头': 30.74, '钳子': 52.66, '锯子': 29.69, '美工刀': 30.85}, '性价比': {'性价比': 99.34}}",//img.alicdn.com/imgextra/i1/827985092/O1CN01HndVK11nUBKQcxjac_!!827985092.jpg,97.74,"{'款式': 100.0, '质量': 100.0, '性价比': 100.0}",4658165
73,2018112614,泓雷,1004,201909,20.02,435,8709.52,"{'产地': '中国大陆', '件数': '100件及以上'}",,"{'质量': 414.35, '性价比': 272.87}","{'质量': {'做工': 42.32, '质量': 372.03}, '性价比': {'性价比': 272.87}}",-19.14,-47.94,43.8,-12.61,-80.01,-92.07,-103.0,-8019.09,87.04,"{'质量': 84.16, '性价比': 97.04}","{'质量': {'做工': 75.28, '质量': 84.16}, '性价比': {'性价比': 97.04}}",85.28,"{'功能': 93.57, '性能': 84.94, '款式': 93.96, '质量': 83.04, '配件': 28.36, '性价比': 94.56}","{'功能': {'功能': 93.57}, '性能': {'劲力': 84.94, '扭矩': 93.01}, '款式': {'品类': 93.54, '外观': 95.51, '材质': 77.41, '工具包': 88.29}, '质量': {'做工': 75.45, '质量': 83.04}, '配件': {'榔头': 30.74, '钳子': 28.36, '锯子': 26.06, '美工刀': 24.75}, '性价比': {'性价比': 94.56}}",38,"{'质量': '39/74', '性价比': '24/64'}","{'质量': {'做工': '35/54', '质量': '39/74'}, '性价比': {'性价比': '24/64'}}",98.47,"{'功能': 98.47, '性能': 91.22, '款式': 98.46, '质量': 98.64, '配件': 52.66, '性价比': 99.34}","{'功能': {'功能': 98.47}, '性能': {'劲力': 91.22, '扭矩': 94.08}, '款式': {'品类': 97.99, '外观': 99.63, '材质': 96.3, '工具包': 88.29}, '质量': {'做工': 99.38, '质量': 98.64}, '配件': {'榔头': 30.74, '钳子': 52.66, '锯子': 29.69, '美工刀': 30.85}, '性价比': {'性价比': 99.34}}",//img.alicdn.com/imgextra/i2/2477840372/O1CN01HnFnMf1EcPr6C9dPf_!!2477840372.jpg,82.92,"{'质量': 100.0, '性价比': 100.0}",6357625
